Source,Indicator,Year,Month,State,Value,Unit
EPFO,Net number of subscribers,2021,Jan,India,8431334,Number
EPFO,Net number of subscribers,2021,Jan,Jammu and Kashmir,208091,Number
EPFO,Net number of subscribers,2021,Jan,Himachal Pradesh,269959,Number
EPFO,Net number of subscribers,2021,Jan,Punjab,205520,Number
EPFO,Net number of subscribers,2021,Jan,Chandigarh,237398,Number
EPFO,Net number of subscribers,2021,Jan,Uttarakhand,261991,Number
EPFO,Net number of subscribers,2021,Jan,Haryana,286344,Number
EPFO,Net number of subscribers,2021,Jan,Delhi,151087,Number
EPFO,Net number of subscribers,2021,Jan,Rajasthan,163270,Number
EPFO,Net number of subscribers,2021,Jan,Uttar Pradesh,173008,Number
EPFO,Net number of subscribers,2021,Jan,Bihar,155457,Number
EPFO,Net number of subscribers,2021,Jan,Sikkim,279311,Number
EPFO,Net number of subscribers,2021,Jan,Arunachal Pradesh,304412,Number
EPFO,Net number of subscribers,2021,Jan,Nagaland,195079,Number
EPFO,Net number of subscribers,2021,Jan,Manipur,283877,Number
EPFO,Net number of subscribers,2021,Jan,Mizoram,321951,Number
EPFO,Net number of subscribers,2021,Jan,Tripura,187372,Number
EPFO,Net number of subscribers,2021,Jan,Meghalaya,198358,Number
EPFO,Net number of subscribers,2021,Jan,Assam,290291,Number
EPFO,Net number of subscribers,2021,Jan,West Bengal,130798,Number
EPFO,Net number of subscribers,2021,Jan,Jharkhand,205085,Number
EPFO,Net number of subscribers,2021,Jan,Odisha,149914,Number
EPFO,Net number of subscribers,2021,Jan,Chhattisgarh,131673,Number
EPFO,Net number of subscribers,2021,Jan,Madhya Pradesh,174234,Number
EPFO,Net number of subscribers,2021,Jan,Gujarat,167379,Number
EPFO,Net number of subscribers,2021,Jan,Dadra and Nagar Haveli and Daman and Diu,200527,Number
EPFO,Net number of subscribers,2021,Jan,Maharashtra,171105,Number
EPFO,Net number of subscribers,2021,Jan,Andhra Pradesh,324222,Number
EPFO,Net number of subscribers,2021,Jan,Karnataka,245242,Number
EPFO,Net number of subscribers,2021,Jan,Goa,157286,Number
EPFO,Net number of subscribers,2021,Jan,Lakshadweep,142209,Number
EPFO,Net number of subscribers,2021,Jan,Kerala,281341,Number
EPFO,Net number of subscribers,2021,Jan,Tamil Nadu,186298,Number
EPFO,Net number of subscribers,2021,Jan,Puducherry,205649,Number
EPFO,Net number of subscribers,2021,Jan,Andaman and Nicobar Islands,158615,Number
EPFO,Net number of subscribers,2021,Jan,Telangana,210809,Number
EPFO,Net number of subscribers,2021,Jan,Ladakh,181598,Number
EPFO,Net number of subscribers,2021,Feb,India,8770213,Number
EPFO,Net number of subscribers,2021,Feb,Jammu and Kashmir,204849,Number
EPFO,Net number of subscribers,2021,Feb,Himachal Pradesh,265167,Number
EPFO,Net number of subscribers,2021,Feb,Punjab,206020,Number
EPFO,Net number of subscribers,2021,Feb,Chandigarh,236696,Number
EPFO,Net number of subscribers,2021,Feb,Uttarakhand,266348,Number
EPFO,Net number of subscribers,2021,Feb,Haryana,292793,Number
EPFO,Net number of subscribers,2021,Feb,Delhi,148523,Number
EPFO,Net number of subscribers,2021,Feb,Rajasthan,168966,Number
EPFO,Net number of subscribers,2021,Feb,Uttar Pradesh,180060,Number
EPFO,Net number of subscribers,2021,Feb,Bihar,151115,Number
EPFO,Net number of subscribers,2021,Feb,Sikkim,273498,Number
EPFO,Net number of subscribers,2021,Feb,Arunachal Pradesh,308400,Number
EPFO,Net number of subscribers,2021,Feb,Nagaland,192955,Number
EPFO,Net number of subscribers,2021,Feb,Manipur,285757,Number
EPFO,Net number of subscribers,2021,Feb,Mizoram,326529,Number
EPFO,Net number of subscribers,2021,Feb,Tripura,191282,Number
EPFO,Net number of subscribers,2021,Feb,Meghalaya,201632,Number
EPFO,Net number of subscribers,2021,Feb,Assam,282703,Number
EPFO,Net number of subscribers,2021,Feb,West Bengal,135579,Number
EPFO,Net number of subscribers,2021,Feb,Jharkhand,208821,Number
EPFO,Net number of subscribers,2021,Feb,Odisha,144924,Number
EPFO,Net number of subscribers,2021,Feb,Chhattisgarh,130109,Number
EPFO,Net number of subscribers,2021,Feb,Madhya Pradesh,169238,Number
EPFO,Net number of subscribers,2021,Feb,Gujarat,171317,Number
EPFO,Net number of subscribers,2021,Feb,Dadra and Nagar Haveli and Daman and Diu,209213,Number
EPFO,Net number of subscribers,2021,Feb,Maharashtra,172670,Number
EPFO,Net number of subscribers,2021,Feb,Andhra Pradesh,318877,Number
EPFO,Net number of subscribers,2021,Feb,Karnataka,247333,Number
EPFO,Net number of subscribers,2021,Feb,Goa,156178,Number
EPFO,Net number of subscribers,2021,Feb,Lakshadweep,150383,Number
EPFO,Net number of subscribers,2021,Feb,Kerala,269073,Number
EPFO,Net number of subscribers,2021,Feb,Tamil Nadu,182251,Number
EPFO,Net number of subscribers,2021,Feb,Puducherry,201171,Number
EPFO,Net number of subscribers,2021,Feb,Andaman and Nicobar Islands,162479,Number
EPFO,Net number of subscribers,2021,Feb,Telangana,213621,Number
EPFO,Net number of subscribers,2021,Feb,Ladakh,185014,Number
EPFO,Net number of subscribers,2021,Mar,India,8856613,Number
EPFO,Net number of subscribers,2021,Mar,Jammu and Kashmir,209713,Number
EPFO,Net number of subscribers,2021,Mar,Himachal Pradesh,270245,Number
EPFO,Net number of subscribers,2021,Mar,Punjab,209769,Number
EPFO,Net number of subscribers,2021,Mar,Chandigarh,239108,Number
EPFO,Net number of subscribers,2021,Mar,Uttarakhand,261820,Number
EPFO,Net number of subscribers,2021,Mar,Haryana,285306,Number
EPFO,Net number of subscribers,2021,Mar,Delhi,161014,Number
EPFO,Net number of subscribers,2021,Mar,Rajasthan,159619,Number
EPFO,Net number of subscribers,2021,Mar,Uttar Pradesh,177974,Number
EPFO,Net number of subscribers,2021,Mar,Bihar,157367,Number
EPFO,Net number of subscribers,2021,Mar,Sikkim,282374,Number
EPFO,Net number of subscribers,2021,Mar,Arunachal Pradesh,304844,Number
EPFO,Net number of subscribers,2021,Mar,Nagaland,201937,Number
EPFO,Net number of subscribers,2021,Mar,Manipur,294049,Number
EPFO,Net number of subscribers,2021,Mar,Mizoram,307338,Number
EPFO,Net number of subscribers,2021,Mar,Tripura,185674,Number
EPFO,Net number of subscribers,2021,Mar,Meghalaya,200732,Number
EPFO,Net number of subscribers,2021,Mar,Assam,294919,Number
EPFO,Net number of subscribers,2021,Mar,West Bengal,135701,Number
EPFO,Net number of subscribers,2021,Mar,Jharkhand,220916,Number
EPFO,Net number of subscribers,2021,Mar,Odisha,151420,Number
EPFO,Net number of subscribers,2021,Mar,Chhattisgarh,126854,Number
EPFO,Net number of subscribers,2021,Mar,Madhya Pradesh,174374,Number
EPFO,Net number of subscribers,2021,Mar,Gujarat,171289,Number
EPFO,Net number of subscribers,2021,Mar,Dadra and Nagar Haveli and Daman and Diu,208614,Number
EPFO,Net number of subscribers,2021,Mar,Maharashtra,170725,Number
EPFO,Net number of subscribers,2021,Mar,Andhra Pradesh,328244,Number
EPFO,Net number of subscribers,2021,Mar,Karnataka,248680,Number
EPFO,Net number of subscribers,2021,Mar,Goa,160013,Number
EPFO,Net number of subscribers,2021,Mar,Lakshadweep,141088,Number
EPFO,Net number of subscribers,2021,Mar,Kerala,265448,Number
EPFO,Net number of subscribers,2021,Mar,Tamil Nadu,183339,Number
EPFO,Net number of subscribers,2021,Mar,Puducherry,211077,Number
EPFO,Net number of subscribers,2021,Mar,Andaman and Nicobar Islands,160194,Number
EPFO,Net number of subscribers,2021,Mar,Telangana,213366,Number
EPFO,Net number of subscribers,2021,Mar,Ladakh,178103,Number
EPFO,Net number of subscribers,2021,Apr,India,8568731,Number
EPFO,Net number of subscribers,2021,Apr,Jammu and Kashmir,215632,Number
EPFO,Net number of subscribers,2021,Apr,Himachal Pradesh,273036,Number
EPFO,Net number of subscribers,2021,Apr,Punjab,209653,Number
EPFO,Net number of subscribers,2021,Apr,Chandigarh,236739,Number
EPFO,Net number of subscribers,2021,Apr,Uttarakhand,267960,Number
EPFO,Net number of subscribers,2021,Apr,Haryana,295580,Number
EPFO,Net number of subscribers,2021,Apr,Delhi,155358,Number
EPFO,Net number of subscribers,2021,Apr,Rajasthan,159170,Number
EPFO,Net number of subscribers,2021,Apr,Uttar Pradesh,179401,Number
EPFO,Net number of subscribers,2021,Apr,Bihar,156979,Number
EPFO,Net number of subscribers,2021,Apr,Sikkim,298564,Number
EPFO,Net number of subscribers,2021,Apr,Arunachal Pradesh,302745,Number
EPFO,Net number of subscribers,2021,Apr,Nagaland,200370,Number
EPFO,Net number of subscribers,2021,Apr,Manipur,293851,Number
EPFO,Net number of subscribers,2021,Apr,Mizoram,312391,Number
EPFO,Net number of subscribers,2021,Apr,Tripura,198066,Number
EPFO,Net number of subscribers,2021,Apr,Meghalaya,199439,Number
EPFO,Net number of subscribers,2021,Apr,Assam,284684,Number
EPFO,Net number of subscribers,2021,Apr,West Bengal,142036,Number
EPFO,Net number of subscribers,2021,Apr,Jharkhand,224378,Number
EPFO,Net number of subscribers,2021,Apr,Odisha,142249,Number
EPFO,Net number of subscribers,2021,Apr,Chhattisgarh,126827,Number
EPFO,Net number of subscribers,2021,Apr,Madhya Pradesh,178002,Number
EPFO,Net number of subscribers,2021,Apr,Gujarat,174167,Number
EPFO,Net number of subscribers,2021,Apr,Dadra and Nagar Haveli and Daman and Diu,204066,Number
EPFO,Net number of subscribers,2021,Apr,Maharashtra,168343,Number
EPFO,Net number of subscribers,2021,Apr,Andhra Pradesh,331418,Number
EPFO,Net number of subscribers,2021,Apr,Karnataka,244735,Number
EPFO,Net number of subscribers,2021,Apr,Goa,162692,Number
EPFO,Net number of subscribers,2021,Apr,Lakshadweep,146041,Number
EPFO,Net number of subscribers,2021,Apr,Kerala,274819,Number
EPFO,Net number of subscribers,2021,Apr,Tamil Nadu,184902,Number
EPFO,Net number of subscribers,2021,Apr,Puducherry,210074,Number
EPFO,Net number of subscribers,2021,Apr,Andaman and Nicobar Islands,163712,Number
EPFO,Net number of subscribers,2021,Apr,Telangana,222681,Number
EPFO,Net number of subscribers,2021,Apr,Ladakh,182286,Number
EPFO,Net number of subscribers,2021,May,India,8637273,Number
EPFO,Net number of subscribers,2021,May,Jammu and Kashmir,207833,Number
EPFO,Net number of subscribers,2021,May,Himachal Pradesh,268226,Number
EPFO,Net number of subscribers,2021,May,Punjab,211101,Number
EPFO,Net number of subscribers,2021,May,Chandigarh,242691,Number
EPFO,Net number of subscribers,2021,May,Uttarakhand,279734,Number
EPFO,Net number of subscribers,2021,May,Haryana,283806,Number
EPFO,Net number of subscribers,2021,May,Delhi,162663,Number
EPFO,Net number of subscribers,2021,May,Rajasthan,160145,Number
EPFO,Net number of subscribers,2021,May,Uttar Pradesh,177171,Number
EPFO,Net number of subscribers,2021,May,Bihar,161074,Number
EPFO,Net number of subscribers,2021,May,Sikkim,287366,Number
EPFO,Net number of subscribers,2021,May,Arunachal Pradesh,306307,Number
EPFO,Net number of subscribers,2021,May,Nagaland,194628,Number
EPFO,Net number of subscribers,2021,May,Manipur,300157,Number
EPFO,Net number of subscribers,2021,May,Mizoram,331672,Number
EPFO,Net number of subscribers,2021,May,Tripura,198366,Number
EPFO,Net number of subscribers,2021,May,Meghalaya,194890,Number
EPFO,Net number of subscribers,2021,May,Assam,280434,Number
EPFO,Net number of subscribers,2021,May,West Bengal,137937,Number
EPFO,Net number of subscribers,2021,May,Jharkhand,218236,Number
EPFO,Net number of subscribers,2021,May,Odisha,152589,Number
EPFO,Net number of subscribers,2021,May,Chhattisgarh,130515,Number
EPFO,Net number of subscribers,2021,May,Madhya Pradesh,176206,Number
EPFO,Net number of subscribers,2021,May,Gujarat,171174,Number
EPFO,Net number of subscribers,2021,May,Dadra and Nagar Haveli and Daman and Diu,217831,Number
EPFO,Net number of subscribers,2021,May,Maharashtra,171638,Number
EPFO,Net number of subscribers,2021,May,Andhra Pradesh,323008,Number
EPFO,Net number of subscribers,2021,May,Karnataka,249223,Number
EPFO,Net number of subscribers,2021,May,Goa,152702,Number
EPFO,Net number of subscribers,2021,May,Lakshadweep,151392,Number
EPFO,Net number of subscribers,2021,May,Kerala,284316,Number
EPFO,Net number of subscribers,2021,May,Tamil Nadu,197594,Number
EPFO,Net number of subscribers,2021,May,Puducherry,214220,Number
EPFO,Net number of subscribers,2021,May,Andaman and Nicobar Islands,160791,Number
EPFO,Net number of subscribers,2021,May,Telangana,225676,Number
EPFO,Net number of subscribers,2021,May,Ladakh,188435,Number
EPFO,Net number of subscribers,2021,Jun,India,8486664,Number
EPFO,Net number of subscribers,2021,Jun,Jammu and Kashmir,203879,Number
EPFO,Net number of subscribers,2021,Jun,Himachal Pradesh,281863,Number
EPFO,Net number of subscribers,2021,Jun,Punjab,226285,Number
EPFO,Net number of subscribers,2021,Jun,Chandigarh,245718,Number
EPFO,Net number of subscribers,2021,Jun,Uttarakhand,270444,Number
EPFO,Net number of subscribers,2021,Jun,Haryana,302814,Number
EPFO,Net number of subscribers,2021,Jun,Delhi,163966,Number
EPFO,Net number of subscribers,2021,Jun,Rajasthan,167426,Number
EPFO,Net number of subscribers,2021,Jun,Uttar Pradesh,190986,Number
EPFO,Net number of subscribers,2021,Jun,Bihar,154282,Number
EPFO,Net number of subscribers,2021,Jun,Sikkim,294450,Number
EPFO,Net number of subscribers,2021,Jun,Arunachal Pradesh,314200,Number
EPFO,Net number of subscribers,2021,Jun,Nagaland,207153,Number
EPFO,Net number of subscribers,2021,Jun,Manipur,299041,Number
EPFO,Net number of subscribers,2021,Jun,Mizoram,320791,Number
EPFO,Net number of subscribers,2021,Jun,Tripura,187309,Number
EPFO,Net number of subscribers,2021,Jun,Meghalaya,199285,Number
EPFO,Net number of subscribers,2021,Jun,Assam,292256,Number
EPFO,Net number of subscribers,2021,Jun,West Bengal,146475,Number
EPFO,Net number of subscribers,2021,Jun,Jharkhand,216218,Number
EPFO,Net number of subscribers,2021,Jun,Odisha,152210,Number
EPFO,Net number of subscribers,2021,Jun,Chhattisgarh,136432,Number
EPFO,Net number of subscribers,2021,Jun,Madhya Pradesh,176846,Number
EPFO,Net number of subscribers,2021,Jun,Gujarat,181810,Number
EPFO,Net number of subscribers,2021,Jun,Dadra and Nagar Haveli and Daman and Diu,216779,Number
EPFO,Net number of subscribers,2021,Jun,Maharashtra,174874,Number
EPFO,Net number of subscribers,2021,Jun,Andhra Pradesh,323585,Number
EPFO,Net number of subscribers,2021,Jun,Karnataka,254847,Number
EPFO,Net number of subscribers,2021,Jun,Goa,159845,Number
EPFO,Net number of subscribers,2021,Jun,Lakshadweep,153569,Number
EPFO,Net number of subscribers,2021,Jun,Kerala,289376,Number
EPFO,Net number of subscribers,2021,Jun,Tamil Nadu,199422,Number
EPFO,Net number of subscribers,2021,Jun,Puducherry,206838,Number
EPFO,Net number of subscribers,2021,Jun,Andaman and Nicobar Islands,167513,Number
EPFO,Net number of subscribers,2021,Jun,Telangana,217483,Number
EPFO,Net number of subscribers,2021,Jun,Ladakh,182340,Number
EPFO,Net number of subscribers,2021,Jul,India,9098383,Number
EPFO,Net number of subscribers,2021,Jul,Jammu and Kashmir,214504,Number
EPFO,Net number of subscribers,2021,Jul,Himachal Pradesh,287171,Number
EPFO,Net number of subscribers,2021,Jul,Punjab,227922,Number
EPFO,Net number of subscribers,2021,Jul,Chandigarh,247673,Number
EPFO,Net number of subscribers,2021,Jul,Uttarakhand,269788,Number
EPFO,Net number of subscribers,2021,Jul,Haryana,295060,Number
EPFO,Net number of subscribers,2021,Jul,Delhi,162362,Number
EPFO,Net number of subscribers,2021,Jul,Rajasthan,167877,Number
EPFO,Net number of subscribers,2021,Jul,Uttar Pradesh,188157,Number
EPFO,Net number of subscribers,2021,Jul,Bihar,165741,Number
EPFO,Net number of subscribers,2021,Jul,Sikkim,305117,Number
EPFO,Net number of subscribers,2021,Jul,Arunachal Pradesh,314876,Number
EPFO,Net number of subscribers,2021,Jul,Nagaland,196817,Number
EPFO,Net number of subscribers,2021,Jul,Manipur,304638,Number
EPFO,Net number of subscribers,2021,Jul,Mizoram,322956,Number
EPFO,Net number of subscribers,2021,Jul,Tripura,190237,Number
EPFO,Net number of subscribers,2021,Jul,Meghalaya,207860,Number
EPFO,Net number of subscribers,2021,Jul,Assam,282233,Number
EPFO,Net number of subscribers,2021,Jul,West Bengal,137350,Number
EPFO,Net number of subscribers,2021,Jul,Jharkhand,226289,Number
EPFO,Net number of subscribers,2021,Jul,Odisha,151823,Number
EPFO,Net number of subscribers,2021,Jul,Chhattisgarh,129807,Number
EPFO,Net number of subscribers,2021,Jul,Madhya Pradesh,183878,Number
EPFO,Net number of subscribers,2021,Jul,Gujarat,180332,Number
EPFO,Net number of subscribers,2021,Jul,Dadra and Nagar Haveli and Daman and Diu,214995,Number
EPFO,Net number of subscribers,2021,Jul,Maharashtra,171160,Number
EPFO,Net number of subscribers,2021,Jul,Andhra Pradesh,334168,Number
EPFO,Net number of subscribers,2021,Jul,Karnataka,257285,Number
EPFO,Net number of subscribers,2021,Jul,Goa,160878,Number
EPFO,Net number of subscribers,2021,Jul,Lakshadweep,153612,Number
EPFO,Net number of subscribers,2021,Jul,Kerala,282895,Number
EPFO,Net number of subscribers,2021,Jul,Tamil Nadu,190197,Number
EPFO,Net number of subscribers,2021,Jul,Puducherry,209643,Number
EPFO,Net number of subscribers,2021,Jul,Andaman and Nicobar Islands,175653,Number
EPFO,Net number of subscribers,2021,Jul,Telangana,226945,Number
EPFO,Net number of subscribers,2021,Jul,Ladakh,194042,Number
EPFO,Net number of subscribers,2021,Aug,India,8673724,Number
EPFO,Net number of subscribers,2021,Aug,Jammu and Kashmir,218886,Number
EPFO,Net number of subscribers,2021,Aug,Himachal Pradesh,270847,Number
EPFO,Net number of subscribers,2021,Aug,Punjab,217959,Number
EPFO,Net number of subscribers,2021,Aug,Chandigarh,247075,Number
EPFO,Net number of subscribers,2021,Aug,Uttarakhand,271918,Number
EPFO,Net number of subscribers,2021,Aug,Haryana,303702,Number
EPFO,Net number of subscribers,2021,Aug,Delhi,156656,Number
EPFO,Net number of subscribers,2021,Aug,Rajasthan,170628,Number
EPFO,Net number of subscribers,2021,Aug,Uttar Pradesh,194530,Number
EPFO,Net number of subscribers,2021,Aug,Bihar,156698,Number
EPFO,Net number of subscribers,2021,Aug,Sikkim,300579,Number
EPFO,Net number of subscribers,2021,Aug,Arunachal Pradesh,318003,Number
EPFO,Net number of subscribers,2021,Aug,Nagaland,213990,Number
EPFO,Net number of subscribers,2021,Aug,Manipur,315651,Number
EPFO,Net number of subscribers,2021,Aug,Mizoram,333036,Number
EPFO,Net number of subscribers,2021,Aug,Tripura,200805,Number
EPFO,Net number of subscribers,2021,Aug,Meghalaya,198469,Number
EPFO,Net number of subscribers,2021,Aug,Assam,306613,Number
EPFO,Net number of subscribers,2021,Aug,West Bengal,144626,Number
EPFO,Net number of subscribers,2021,Aug,Jharkhand,225308,Number
EPFO,Net number of subscribers,2021,Aug,Odisha,151910,Number
EPFO,Net number of subscribers,2021,Aug,Chhattisgarh,131894,Number
EPFO,Net number of subscribers,2021,Aug,Madhya Pradesh,184204,Number
EPFO,Net number of subscribers,2021,Aug,Gujarat,177670,Number
EPFO,Net number of subscribers,2021,Aug,Dadra and Nagar Haveli and Daman and Diu,217040,Number
EPFO,Net number of subscribers,2021,Aug,Maharashtra,179656,Number
EPFO,Net number of subscribers,2021,Aug,Andhra Pradesh,330517,Number
EPFO,Net number of subscribers,2021,Aug,Karnataka,250810,Number
EPFO,Net number of subscribers,2021,Aug,Goa,156172,Number
EPFO,Net number of subscribers,2021,Aug,Lakshadweep,150146,Number
EPFO,Net number of subscribers,2021,Aug,Kerala,277509,Number
EPFO,Net number of subscribers,2021,Aug,Tamil Nadu,189651,Number
EPFO,Net number of subscribers,2021,Aug,Puducherry,212803,Number
EPFO,Net number of subscribers,2021,Aug,Andaman and Nicobar Islands,165307,Number
EPFO,Net number of subscribers,2021,Aug,Telangana,223146,Number
EPFO,Net number of subscribers,2021,Aug,Ladakh,188242,Number
EPFO,Net number of subscribers,2021,Sep,India,8805208,Number
EPFO,Net number of subscribers,2021,Sep,Jammu and Kashmir,220451,Number
EPFO,Net number of subscribers,2021,Sep,Himachal Pradesh,270457,Number
EPFO,Net number of subscribers,2021,Sep,Punjab,221261,Number
EPFO,Net number of subscribers,2021,Sep,Chandigarh,251109,Number
EPFO,Net number of subscribers,2021,Sep,Uttarakhand,279959,Number
EPFO,Net number of subscribers,2021,Sep,Haryana,298744,Number
EPFO,Net number of subscribers,2021,Sep,Delhi,165765,Number
EPFO,Net number of subscribers,2021,Sep,Rajasthan,168287,Number
EPFO,Net number of subscribers,2021,Sep,Uttar Pradesh,193148,Number
EPFO,Net number of subscribers,2021,Sep,Bihar,165917,Number
EPFO,Net number of subscribers,2021,Sep,Sikkim,294753,Number
EPFO,Net number of subscribers,2021,Sep,Arunachal Pradesh,337119,Number
EPFO,Net number of subscribers,2021,Sep,Nagaland,215451,Number
EPFO,Net number of subscribers,2021,Sep,Manipur,306097,Number
EPFO,Net number of subscribers,2021,Sep,Mizoram,327305,Number
EPFO,Net number of subscribers,2021,Sep,Tripura,202221,Number
EPFO,Net number of subscribers,2021,Sep,Meghalaya,200049,Number
EPFO,Net number of subscribers,2021,Sep,Assam,298809,Number
EPFO,Net number of subscribers,2021,Sep,West Bengal,144964,Number
EPFO,Net number of subscribers,2021,Sep,Jharkhand,220271,Number
EPFO,Net number of subscribers,2021,Sep,Odisha,151492,Number
EPFO,Net number of subscribers,2021,Sep,Chhattisgarh,130429,Number
EPFO,Net number of subscribers,2021,Sep,Madhya Pradesh,181846,Number
EPFO,Net number of subscribers,2021,Sep,Gujarat,175126,Number
EPFO,Net number of subscribers,2021,Sep,Dadra and Nagar Haveli and Daman and Diu,218839,Number
EPFO,Net number of subscribers,2021,Sep,Maharashtra,182921,Number
EPFO,Net number of subscribers,2021,Sep,Andhra Pradesh,326195,Number
EPFO,Net number of subscribers,2021,Sep,Karnataka,246412,Number
EPFO,Net number of subscribers,2021,Sep,Goa,163165,Number
EPFO,Net number of subscribers,2021,Sep,Lakshadweep,157204,Number
EPFO,Net number of subscribers,2021,Sep,Kerala,285170,Number
EPFO,Net number of subscribers,2021,Sep,Tamil Nadu,194303,Number
EPFO,Net number of subscribers,2021,Sep,Puducherry,221882,Number
EPFO,Net number of subscribers,2021,Sep,Andaman and Nicobar Islands,174880,Number
EPFO,Net number of subscribers,2021,Sep,Telangana,233604,Number
EPFO,Net number of subscribers,2021,Sep,Ladakh,188735,Number
EPFO,Net number of subscribers,2021,Oct,India,9001113,Number
EPFO,Net number of subscribers,2021,Oct,Jammu and Kashmir,217716,Number
EPFO,Net number of subscribers,2021,Oct,Himachal Pradesh,275650,Number
EPFO,Net number of subscribers,2021,Oct,Punjab,220189,Number
EPFO,Net number of subscribers,2021,Oct,Chandigarh,252384,Number
EPFO,Net number of subscribers,2021,Oct,Uttarakhand,290049,Number
EPFO,Net number of subscribers,2021,Oct,Haryana,310231,Number
EPFO,Net number of subscribers,2021,Oct,Delhi,164406,Number
EPFO,Net number of subscribers,2021,Oct,Rajasthan,171742,Number
EPFO,Net number of subscribers,2021,Oct,Uttar Pradesh,191270,Number
EPFO,Net number of subscribers,2021,Oct,Bihar,162319,Number
EPFO,Net number of subscribers,2021,Oct,Sikkim,291604,Number
EPFO,Net number of subscribers,2021,Oct,Arunachal Pradesh,331928,Number
EPFO,Net number of subscribers,2021,Oct,Nagaland,206682,Number
EPFO,Net number of subscribers,2021,Oct,Manipur,304260,Number
EPFO,Net number of subscribers,2021,Oct,Mizoram,336017,Number
EPFO,Net number of subscribers,2021,Oct,Tripura,195311,Number
EPFO,Net number of subscribers,2021,Oct,Meghalaya,207249,Number
EPFO,Net number of subscribers,2021,Oct,Assam,291351,Number
EPFO,Net number of subscribers,2021,Oct,West Bengal,148283,Number
EPFO,Net number of subscribers,2021,Oct,Jharkhand,230996,Number
EPFO,Net number of subscribers,2021,Oct,Odisha,148954,Number
EPFO,Net number of subscribers,2021,Oct,Chhattisgarh,138612,Number
EPFO,Net number of subscribers,2021,Oct,Madhya Pradesh,183616,Number
EPFO,Net number of subscribers,2021,Oct,Gujarat,183968,Number
EPFO,Net number of subscribers,2021,Oct,Dadra and Nagar Haveli and Daman and Diu,219293,Number
EPFO,Net number of subscribers,2021,Oct,Maharashtra,178217,Number
EPFO,Net number of subscribers,2021,Oct,Andhra Pradesh,340594,Number
EPFO,Net number of subscribers,2021,Oct,Karnataka,246133,Number
EPFO,Net number of subscribers,2021,Oct,Goa,166306,Number
EPFO,Net number of subscribers,2021,Oct,Lakshadweep,151131,Number
EPFO,Net number of subscribers,2021,Oct,Kerala,303096,Number
EPFO,Net number of subscribers,2021,Oct,Tamil Nadu,192659,Number
EPFO,Net number of subscribers,2021,Oct,Puducherry,221330,Number
EPFO,Net number of subscribers,2021,Oct,Andaman and Nicobar Islands,168368,Number
EPFO,Net number of subscribers,2021,Oct,Telangana,222782,Number
EPFO,Net number of subscribers,2021,Oct,Ladakh,193448,Number
EPFO,Net number of subscribers,2021,Nov,India,9512782,Number
EPFO,Net number of subscribers,2021,Nov,Jammu and Kashmir,214937,Number
EPFO,Net number of subscribers,2021,Nov,Himachal Pradesh,290141,Number
EPFO,Net number of subscribers,2021,Nov,Punjab,232702,Number
EPFO,Net number of subscribers,2021,Nov,Chandigarh,256508,Number
EPFO,Net number of subscribers,2021,Nov,Uttarakhand,295875,Number
EPFO,Net number of subscribers,2021,Nov,Haryana,311181,Number
EPFO,Net number of subscribers,2021,Nov,Delhi,171622,Number
EPFO,Net number of subscribers,2021,Nov,Rajasthan,177124,Number
EPFO,Net number of subscribers,2021,Nov,Uttar Pradesh,187849,Number
EPFO,Net number of subscribers,2021,Nov,Bihar,170159,Number
EPFO,Net number of subscribers,2021,Nov,Sikkim,309237,Number
EPFO,Net number of subscribers,2021,Nov,Arunachal Pradesh,322126,Number
EPFO,Net number of subscribers,2021,Nov,Nagaland,206954,Number
EPFO,Net number of subscribers,2021,Nov,Manipur,318996,Number
EPFO,Net number of subscribers,2021,Nov,Mizoram,340377,Number
EPFO,Net number of subscribers,2021,Nov,Tripura,204383,Number
EPFO,Net number of subscribers,2021,Nov,Meghalaya,208287,Number
EPFO,Net number of subscribers,2021,Nov,Assam,305559,Number
EPFO,Net number of subscribers,2021,Nov,West Bengal,145403,Number
EPFO,Net number of subscribers,2021,Nov,Jharkhand,224059,Number
EPFO,Net number of subscribers,2021,Nov,Odisha,157444,Number
EPFO,Net number of subscribers,2021,Nov,Chhattisgarh,135132,Number
EPFO,Net number of subscribers,2021,Nov,Madhya Pradesh,177604,Number
EPFO,Net number of subscribers,2021,Nov,Gujarat,182587,Number
EPFO,Net number of subscribers,2021,Nov,Dadra and Nagar Haveli and Daman and Diu,221434,Number
EPFO,Net number of subscribers,2021,Nov,Maharashtra,179376,Number
EPFO,Net number of subscribers,2021,Nov,Andhra Pradesh,349201,Number
EPFO,Net number of subscribers,2021,Nov,Karnataka,256717,Number
EPFO,Net number of subscribers,2021,Nov,Goa,171777,Number
EPFO,Net number of subscribers,2021,Nov,Lakshadweep,160454,Number
EPFO,Net number of subscribers,2021,Nov,Kerala,304731,Number
EPFO,Net number of subscribers,2021,Nov,Tamil Nadu,203181,Number
EPFO,Net number of subscribers,2021,Nov,Puducherry,211532,Number
EPFO,Net number of subscribers,2021,Nov,Andaman and Nicobar Islands,178982,Number
EPFO,Net number of subscribers,2021,Nov,Telangana,226306,Number
EPFO,Net number of subscribers,2021,Nov,Ladakh,189155,Number
EPFO,Net number of subscribers,2021,Dec,India,9018901,Number
EPFO,Net number of subscribers,2021,Dec,Jammu and Kashmir,230679,Number
EPFO,Net number of subscribers,2021,Dec,Himachal Pradesh,280334,Number
EPFO,Net number of subscribers,2021,Dec,Punjab,235699,Number
EPFO,Net number of subscribers,2021,Dec,Chandigarh,253364,Number
EPFO,Net number of subscribers,2021,Dec,Uttarakhand,285520,Number
EPFO,Net number of subscribers,2021,Dec,Haryana,304574,Number
EPFO,Net number of subscribers,2021,Dec,Delhi,173017,Number
EPFO,Net number of subscribers,2021,Dec,Rajasthan,173760,Number
EPFO,Net number of subscribers,2021,Dec,Uttar Pradesh,190768,Number
EPFO,Net number of subscribers,2021,Dec,Bihar,161680,Number
EPFO,Net number of subscribers,2021,Dec,Sikkim,316609,Number
EPFO,Net number of subscribers,2021,Dec,Arunachal Pradesh,323261,Number
EPFO,Net number of subscribers,2021,Dec,Nagaland,205828,Number
EPFO,Net number of subscribers,2021,Dec,Manipur,302031,Number
EPFO,Net number of subscribers,2021,Dec,Mizoram,348823,Number
EPFO,Net number of subscribers,2021,Dec,Tripura,201851,Number
EPFO,Net number of subscribers,2021,Dec,Meghalaya,216758,Number
EPFO,Net number of subscribers,2021,Dec,Assam,299686,Number
EPFO,Net number of subscribers,2021,Dec,West Bengal,143892,Number
EPFO,Net number of subscribers,2021,Dec,Jharkhand,223470,Number
EPFO,Net number of subscribers,2021,Dec,Odisha,153968,Number
EPFO,Net number of subscribers,2021,Dec,Chhattisgarh,143767,Number
EPFO,Net number of subscribers,2021,Dec,Madhya Pradesh,182641,Number
EPFO,Net number of subscribers,2021,Dec,Gujarat,191258,Number
EPFO,Net number of subscribers,2021,Dec,Dadra and Nagar Haveli and Daman and Diu,225180,Number
EPFO,Net number of subscribers,2021,Dec,Maharashtra,178116,Number
EPFO,Net number of subscribers,2021,Dec,Andhra Pradesh,348147,Number
EPFO,Net number of subscribers,2021,Dec,Karnataka,263334,Number
EPFO,Net number of subscribers,2021,Dec,Goa,170545,Number
EPFO,Net number of subscribers,2021,Dec,Lakshadweep,159924,Number
EPFO,Net number of subscribers,2021,Dec,Kerala,306937,Number
EPFO,Net number of subscribers,2021,Dec,Tamil Nadu,208881,Number
EPFO,Net number of subscribers,2021,Dec,Puducherry,221649,Number
EPFO,Net number of subscribers,2021,Dec,Andaman and Nicobar Islands,178460,Number
EPFO,Net number of subscribers,2021,Dec,Telangana,225315,Number
EPFO,Net number of subscribers,2021,Dec,Ladakh,194039,Number
EPFO,Net number of subscribers,2022,Jan,India,9576638,Number
EPFO,Net number of subscribers,2022,Jan,Jammu and Kashmir,221096,Number
EPFO,Net number of subscribers,2022,Jan,Himachal Pradesh,288092,Number
EPFO,Net number of subscribers,2022,Jan,Punjab,241468,Number
EPFO,Net number of subscribers,2022,Jan,Chandigarh,250412,Number
EPFO,Net number of subscribers,2022,Jan,Uttarakhand,303766,Number
EPFO,Net number of subscribers,2022,Jan,Haryana,325827,Number
EPFO,Net number of subscribers,2022,Jan,Delhi,165722,Number
EPFO,Net number of subscribers,2022,Jan,Rajasthan,179891,Number
EPFO,Net number of subscribers,2022,Jan,Uttar Pradesh,207014,Number
EPFO,Net number of subscribers,2022,Jan,Bihar,177300,Number
EPFO,Net number of subscribers,2022,Jan,Sikkim,309033,Number
EPFO,Net number of subscribers,2022,Jan,Arunachal Pradesh,343631,Number
EPFO,Net number of subscribers,2022,Jan,Nagaland,213856,Number
EPFO,Net number of subscribers,2022,Jan,Manipur,313997,Number
EPFO,Net number of subscribers,2022,Jan,Mizoram,346643,Number
EPFO,Net number of subscribers,2022,Jan,Tripura,207746,Number
EPFO,Net number of subscribers,2022,Jan,Meghalaya,224512,Number
EPFO,Net number of subscribers,2022,Jan,Assam,314572,Number
EPFO,Net number of subscribers,2022,Jan,West Bengal,157938,Number
EPFO,Net number of subscribers,2022,Jan,Jharkhand,245021,Number
EPFO,Net number of subscribers,2022,Jan,Odisha,156910,Number
EPFO,Net number of subscribers,2022,Jan,Chhattisgarh,143913,Number
EPFO,Net number of subscribers,2022,Jan,Madhya Pradesh,190119,Number
EPFO,Net number of subscribers,2022,Jan,Gujarat,189243,Number
EPFO,Net number of subscribers,2022,Jan,Dadra and Nagar Haveli and Daman and Diu,224205,Number
EPFO,Net number of subscribers,2022,Jan,Maharashtra,192975,Number
EPFO,Net number of subscribers,2022,Jan,Andhra Pradesh,363057,Number
EPFO,Net number of subscribers,2022,Jan,Karnataka,271899,Number
EPFO,Net number of subscribers,2022,Jan,Goa,176770,Number
EPFO,Net number of subscribers,2022,Jan,Lakshadweep,165744,Number
EPFO,Net number of subscribers,2022,Jan,Kerala,300603,Number
EPFO,Net number of subscribers,2022,Jan,Tamil Nadu,211498,Number
EPFO,Net number of subscribers,2022,Jan,Puducherry,230476,Number
EPFO,Net number of subscribers,2022,Jan,Andaman and Nicobar Islands,183974,Number
EPFO,Net number of subscribers,2022,Jan,Telangana,239128,Number
EPFO,Net number of subscribers,2022,Jan,Ladakh,196116,Number
EPFO,Net number of subscribers,2022,Feb,India,9834361,Number
EPFO,Net number of subscribers,2022,Feb,Jammu and Kashmir,226986,Number
EPFO,Net number of subscribers,2022,Feb,Himachal Pradesh,305619,Number
EPFO,Net number of subscribers,2022,Feb,Punjab,244639,Number
EPFO,Net number of subscribers,2022,Feb,Chandigarh,248935,Number
EPFO,Net number of subscribers,2022,Feb,Uttarakhand,299267,Number
EPFO,Net number of subscribers,2022,Feb,Haryana,311848,Number
EPFO,Net number of subscribers,2022,Feb,Delhi,175024,Number
EPFO,Net number of subscribers,2022,Feb,Rajasthan,181507,Number
EPFO,Net number of subscribers,2022,Feb,Uttar Pradesh,200302,Number
EPFO,Net number of subscribers,2022,Feb,Bihar,167956,Number
EPFO,Net number of subscribers,2022,Feb,Sikkim,317594,Number
EPFO,Net number of subscribers,2022,Feb,Arunachal Pradesh,342132,Number
EPFO,Net number of subscribers,2022,Feb,Nagaland,216914,Number
EPFO,Net number of subscribers,2022,Feb,Manipur,315260,Number
EPFO,Net number of subscribers,2022,Feb,Mizoram,364467,Number
EPFO,Net number of subscribers,2022,Feb,Tripura,213380,Number
EPFO,Net number of subscribers,2022,Feb,Meghalaya,215542,Number
EPFO,Net number of subscribers,2022,Feb,Assam,328348,Number
EPFO,Net number of subscribers,2022,Feb,West Bengal,155488,Number
EPFO,Net number of subscribers,2022,Feb,Jharkhand,237542,Number
EPFO,Net number of subscribers,2022,Feb,Odisha,168461,Number
EPFO,Net number of subscribers,2022,Feb,Chhattisgarh,140440,Number
EPFO,Net number of subscribers,2022,Feb,Madhya Pradesh,187885,Number
EPFO,Net number of subscribers,2022,Feb,Gujarat,191478,Number
EPFO,Net number of subscribers,2022,Feb,Dadra and Nagar Haveli and Daman and Diu,228910,Number
EPFO,Net number of subscribers,2022,Feb,Maharashtra,194057,Number
EPFO,Net number of subscribers,2022,Feb,Andhra Pradesh,363699,Number
EPFO,Net number of subscribers,2022,Feb,Karnataka,260339,Number
EPFO,Net number of subscribers,2022,Feb,Goa,169462,Number
EPFO,Net number of subscribers,2022,Feb,Lakshadweep,169020,Number
EPFO,Net number of subscribers,2022,Feb,Kerala,297578,Number
EPFO,Net number of subscribers,2022,Feb,Tamil Nadu,218450,Number
EPFO,Net number of subscribers,2022,Feb,Puducherry,221678,Number
EPFO,Net number of subscribers,2022,Feb,Andaman and Nicobar Islands,180672,Number
EPFO,Net number of subscribers,2022,Feb,Telangana,237734,Number
EPFO,Net number of subscribers,2022,Feb,Ladakh,205178,Number
EPFO,Net number of subscribers,2022,Mar,India,9848796,Number
EPFO,Net number of subscribers,2022,Mar,Jammu and Kashmir,234977,Number
EPFO,Net number of subscribers,2022,Mar,Himachal Pradesh,306293,Number
EPFO,Net number of subscribers,2022,Mar,Punjab,231967,Number
EPFO,Net number of subscribers,2022,Mar,Chandigarh,267141,Number
EPFO,Net number of subscribers,2022,Mar,Uttarakhand,311046,Number
EPFO,Net number of subscribers,2022,Mar,Haryana,327058,Number
EPFO,Net number of subscribers,2022,Mar,Delhi,173033,Number
EPFO,Net number of subscribers,2022,Mar,Rajasthan,181737,Number
EPFO,Net number of subscribers,2022,Mar,Uttar Pradesh,207613,Number
EPFO,Net number of subscribers,2022,Mar,Bihar,173651,Number
EPFO,Net number of subscribers,2022,Mar,Sikkim,313194,Number
EPFO,Net number of subscribers,2022,Mar,Arunachal Pradesh,336198,Number
EPFO,Net number of subscribers,2022,Mar,Nagaland,215165,Number
EPFO,Net number of subscribers,2022,Mar,Manipur,331671,Number
EPFO,Net number of subscribers,2022,Mar,Mizoram,367143,Number
EPFO,Net number of subscribers,2022,Mar,Tripura,218663,Number
EPFO,Net number of subscribers,2022,Mar,Meghalaya,222724,Number
EPFO,Net number of subscribers,2022,Mar,Assam,315843,Number
EPFO,Net number of subscribers,2022,Mar,West Bengal,148983,Number
EPFO,Net number of subscribers,2022,Mar,Jharkhand,238265,Number
EPFO,Net number of subscribers,2022,Mar,Odisha,163135,Number
EPFO,Net number of subscribers,2022,Mar,Chhattisgarh,141139,Number
EPFO,Net number of subscribers,2022,Mar,Madhya Pradesh,196758,Number
EPFO,Net number of subscribers,2022,Mar,Gujarat,197589,Number
EPFO,Net number of subscribers,2022,Mar,Dadra and Nagar Haveli and Daman and Diu,230923,Number
EPFO,Net number of subscribers,2022,Mar,Maharashtra,186347,Number
EPFO,Net number of subscribers,2022,Mar,Andhra Pradesh,344630,Number
EPFO,Net number of subscribers,2022,Mar,Karnataka,277315,Number
EPFO,Net number of subscribers,2022,Mar,Goa,171370,Number
EPFO,Net number of subscribers,2022,Mar,Lakshadweep,158340,Number
EPFO,Net number of subscribers,2022,Mar,Kerala,316468,Number
EPFO,Net number of subscribers,2022,Mar,Tamil Nadu,205946,Number
EPFO,Net number of subscribers,2022,Mar,Puducherry,232089,Number
EPFO,Net number of subscribers,2022,Mar,Andaman and Nicobar Islands,189065,Number
EPFO,Net number of subscribers,2022,Mar,Telangana,244947,Number
EPFO,Net number of subscribers,2022,Mar,Ladakh,196885,Number
EPFO,Net number of subscribers,2022,Apr,India,10082235,Number
EPFO,Net number of subscribers,2022,Apr,Jammu and Kashmir,232327,Number
EPFO,Net number of subscribers,2022,Apr,Himachal Pradesh,294697,Number
EPFO,Net number of subscribers,2022,Apr,Punjab,238582,Number
EPFO,Net number of subscribers,2022,Apr,Chandigarh,268382,Number
EPFO,Net number of subscribers,2022,Apr,Uttarakhand,292222,Number
EPFO,Net number of subscribers,2022,Apr,Haryana,322337,Number
EPFO,Net number of subscribers,2022,Apr,Delhi,180708,Number
EPFO,Net number of subscribers,2022,Apr,Rajasthan,180081,Number
EPFO,Net number of subscribers,2022,Apr,Uttar Pradesh,198414,Number
EPFO,Net number of subscribers,2022,Apr,Bihar,172352,Number
EPFO,Net number of subscribers,2022,Apr,Sikkim,322357,Number
EPFO,Net number of subscribers,2022,Apr,Arunachal Pradesh,336816,Number
EPFO,Net number of subscribers,2022,Apr,Nagaland,223922,Number
EPFO,Net number of subscribers,2022,Apr,Manipur,325652,Number
EPFO,Net number of subscribers,2022,Apr,Mizoram,368477,Number
EPFO,Net number of subscribers,2022,Apr,Tripura,210866,Number
EPFO,Net number of subscribers,2022,Apr,Meghalaya,215242,Number
EPFO,Net number of subscribers,2022,Apr,Assam,308431,Number
EPFO,Net number of subscribers,2022,Apr,West Bengal,159182,Number
EPFO,Net number of subscribers,2022,Apr,Jharkhand,248940,Number
EPFO,Net number of subscribers,2022,Apr,Odisha,160771,Number
EPFO,Net number of subscribers,2022,Apr,Chhattisgarh,144816,Number
EPFO,Net number of subscribers,2022,Apr,Madhya Pradesh,187716,Number
EPFO,Net number of subscribers,2022,Apr,Gujarat,187690,Number
EPFO,Net number of subscribers,2022,Apr,Dadra and Nagar Haveli and Daman and Diu,229266,Number
EPFO,Net number of subscribers,2022,Apr,Maharashtra,199551,Number
EPFO,Net number of subscribers,2022,Apr,Andhra Pradesh,363296,Number
EPFO,Net number of subscribers,2022,Apr,Karnataka,265630,Number
EPFO,Net number of subscribers,2022,Apr,Goa,181450,Number
EPFO,Net number of subscribers,2022,Apr,Lakshadweep,168798,Number
EPFO,Net number of subscribers,2022,Apr,Kerala,310829,Number
EPFO,Net number of subscribers,2022,Apr,Tamil Nadu,216765,Number
EPFO,Net number of subscribers,2022,Apr,Puducherry,226443,Number
EPFO,Net number of subscribers,2022,Apr,Andaman and Nicobar Islands,185076,Number
EPFO,Net number of subscribers,2022,Apr,Telangana,238014,Number
EPFO,Net number of subscribers,2022,Apr,Ladakh,203164,Number
EPFO,Net number of subscribers,2022,May,India,9424279,Number
EPFO,Net number of subscribers,2022,May,Jammu and Kashmir,238676,Number
EPFO,Net number of subscribers,2022,May,Himachal Pradesh,295186,Number
EPFO,Net number of subscribers,2022,May,Punjab,246362,Number
EPFO,Net number of subscribers,2022,May,Chandigarh,255205,Number
EPFO,Net number of subscribers,2022,May,Uttarakhand,298381,Number
EPFO,Net number of subscribers,2022,May,Haryana,334212,Number
EPFO,Net number of subscribers,2022,May,Delhi,180885,Number
EPFO,Net number of subscribers,2022,May,Rajasthan,188888,Number
EPFO,Net number of subscribers,2022,May,Uttar Pradesh,211035,Number
EPFO,Net number of subscribers,2022,May,Bihar,180951,Number
EPFO,Net number of subscribers,2022,May,Sikkim,313692,Number
EPFO,Net number of subscribers,2022,May,Arunachal Pradesh,349444,Number
EPFO,Net number of subscribers,2022,May,Nagaland,232886,Number
EPFO,Net number of subscribers,2022,May,Manipur,333421,Number
EPFO,Net number of subscribers,2022,May,Mizoram,357060,Number
EPFO,Net number of subscribers,2022,May,Tripura,217763,Number
EPFO,Net number of subscribers,2022,May,Meghalaya,218606,Number
EPFO,Net number of subscribers,2022,May,Assam,319974,Number
EPFO,Net number of subscribers,2022,May,West Bengal,162481,Number
EPFO,Net number of subscribers,2022,May,Jharkhand,236304,Number
EPFO,Net number of subscribers,2022,May,Odisha,161912,Number
EPFO,Net number of subscribers,2022,May,Chhattisgarh,145802,Number
EPFO,Net number of subscribers,2022,May,Madhya Pradesh,195941,Number
EPFO,Net number of subscribers,2022,May,Gujarat,189425,Number
EPFO,Net number of subscribers,2022,May,Dadra and Nagar Haveli and Daman and Diu,231106,Number
EPFO,Net number of subscribers,2022,May,Maharashtra,197346,Number
EPFO,Net number of subscribers,2022,May,Andhra Pradesh,366612,Number
EPFO,Net number of subscribers,2022,May,Karnataka,284380,Number
EPFO,Net number of subscribers,2022,May,Goa,178740,Number
EPFO,Net number of subscribers,2022,May,Lakshadweep,166160,Number
EPFO,Net number of subscribers,2022,May,Kerala,324066,Number
EPFO,Net number of subscribers,2022,May,Tamil Nadu,222121,Number
EPFO,Net number of subscribers,2022,May,Puducherry,238309,Number
EPFO,Net number of subscribers,2022,May,Andaman and Nicobar Islands,188949,Number
EPFO,Net number of subscribers,2022,May,Telangana,247011,Number
EPFO,Net number of subscribers,2022,May,Ladakh,202260,Number
EPFO,Net number of subscribers,2022,Jun,India,9829399,Number
EPFO,Net number of subscribers,2022,Jun,Jammu and Kashmir,241509,Number
EPFO,Net number of subscribers,2022,Jun,Himachal Pradesh,315573,Number
EPFO,Net number of subscribers,2022,Jun,Punjab,236666,Number
EPFO,Net number of subscribers,2022,Jun,Chandigarh,263178,Number
EPFO,Net number of subscribers,2022,Jun,Uttarakhand,308107,Number
EPFO,Net number of subscribers,2022,Jun,Haryana,332803,Number
EPFO,Net number of subscribers,2022,Jun,Delhi,183129,Number
EPFO,Net number of subscribers,2022,Jun,Rajasthan,182814,Number
EPFO,Net number of subscribers,2022,Jun,Uttar Pradesh,199773,Number
EPFO,Net number of subscribers,2022,Jun,Bihar,172188,Number
EPFO,Net number of subscribers,2022,Jun,Sikkim,314811,Number
EPFO,Net number of subscribers,2022,Jun,Arunachal Pradesh,360486,Number
EPFO,Net number of subscribers,2022,Jun,Nagaland,233446,Number
EPFO,Net number of subscribers,2022,Jun,Manipur,322494,Number
EPFO,Net number of subscribers,2022,Jun,Mizoram,371292,Number
EPFO,Net number of subscribers,2022,Jun,Tripura,215403,Number
EPFO,Net number of subscribers,2022,Jun,Meghalaya,227589,Number
EPFO,Net number of subscribers,2022,Jun,Assam,325357,Number
EPFO,Net number of subscribers,2022,Jun,West Bengal,158274,Number
EPFO,Net number of subscribers,2022,Jun,Jharkhand,249462,Number
EPFO,Net number of subscribers,2022,Jun,Odisha,165871,Number
EPFO,Net number of subscribers,2022,Jun,Chhattisgarh,149162,Number
EPFO,Net number of subscribers,2022,Jun,Madhya Pradesh,200705,Number
EPFO,Net number of subscribers,2022,Jun,Gujarat,196168,Number
EPFO,Net number of subscribers,2022,Jun,Dadra and Nagar Haveli and Daman and Diu,236803,Number
EPFO,Net number of subscribers,2022,Jun,Maharashtra,202446,Number
EPFO,Net number of subscribers,2022,Jun,Andhra Pradesh,357000,Number
EPFO,Net number of subscribers,2022,Jun,Karnataka,265656,Number
EPFO,Net number of subscribers,2022,Jun,Goa,173892,Number
EPFO,Net number of subscribers,2022,Jun,Lakshadweep,161464,Number
EPFO,Net number of subscribers,2022,Jun,Kerala,327329,Number
EPFO,Net number of subscribers,2022,Jun,Tamil Nadu,212343,Number
EPFO,Net number of subscribers,2022,Jun,Puducherry,242061,Number
EPFO,Net number of subscribers,2022,Jun,Andaman and Nicobar Islands,183349,Number
EPFO,Net number of subscribers,2022,Jun,Telangana,249566,Number
EPFO,Net number of subscribers,2022,Jun,Ladakh,212437,Number
EPFO,Net number of subscribers,2022,Jul,India,10315417,Number
EPFO,Net number of subscribers,2022,Jul,Jammu and Kashmir,234852,Number
EPFO,Net number of subscribers,2022,Jul,Himachal Pradesh,313180,Number
EPFO,Net number of subscribers,2022,Jul,Punjab,239231,Number
EPFO,Net number of subscribers,2022,Jul,Chandigarh,277365,Number
EPFO,Net number of subscribers,2022,Jul,Uttarakhand,295783,Number
EPFO,Net number of subscribers,2022,Jul,Haryana,331213,Number
EPFO,Net number of subscribers,2022,Jul,Delhi,172974,Number
EPFO,Net number of subscribers,2022,Jul,Rajasthan,183972,Number
EPFO,Net number of subscribers,2022,Jul,Uttar Pradesh,207745,Number
EPFO,Net number of subscribers,2022,Jul,Bihar,184325,Number
EPFO,Net number of subscribers,2022,Jul,Sikkim,331578,Number
EPFO,Net number of subscribers,2022,Jul,Arunachal Pradesh,356549,Number
EPFO,Net number of subscribers,2022,Jul,Nagaland,232778,Number
EPFO,Net number of subscribers,2022,Jul,Manipur,324640,Number
EPFO,Net number of subscribers,2022,Jul,Mizoram,379612,Number
EPFO,Net number of subscribers,2022,Jul,Tripura,215956,Number
EPFO,Net number of subscribers,2022,Jul,Meghalaya,227341,Number
EPFO,Net number of subscribers,2022,Jul,Assam,320703,Number
EPFO,Net number of subscribers,2022,Jul,West Bengal,163120,Number
EPFO,Net number of subscribers,2022,Jul,Jharkhand,246581,Number
EPFO,Net number of subscribers,2022,Jul,Odisha,162757,Number
EPFO,Net number of subscribers,2022,Jul,Chhattisgarh,150340,Number
EPFO,Net number of subscribers,2022,Jul,Madhya Pradesh,195323,Number
EPFO,Net number of subscribers,2022,Jul,Gujarat,194673,Number
EPFO,Net number of subscribers,2022,Jul,Dadra and Nagar Haveli and Daman and Diu,239609,Number
EPFO,Net number of subscribers,2022,Jul,Maharashtra,191817,Number
EPFO,Net number of subscribers,2022,Jul,Andhra Pradesh,375313,Number
EPFO,Net number of subscribers,2022,Jul,Karnataka,287371,Number
EPFO,Net number of subscribers,2022,Jul,Goa,175034,Number
EPFO,Net number of subscribers,2022,Jul,Lakshadweep,170867,Number
EPFO,Net number of subscribers,2022,Jul,Kerala,316710,Number
EPFO,Net number of subscribers,2022,Jul,Tamil Nadu,220099,Number
EPFO,Net number of subscribers,2022,Jul,Puducherry,246936,Number
EPFO,Net number of subscribers,2022,Jul,Andaman and Nicobar Islands,184908,Number
EPFO,Net number of subscribers,2022,Jul,Telangana,251255,Number
EPFO,Net number of subscribers,2022,Jul,Ladakh,213744,Number
EPFO,Net number of subscribers,2022,Aug,India,10262338,Number
EPFO,Net number of subscribers,2022,Aug,Jammu and Kashmir,230949,Number
EPFO,Net number of subscribers,2022,Aug,Himachal Pradesh,299772,Number
EPFO,Net number of subscribers,2022,Aug,Punjab,251344,Number
EPFO,Net number of subscribers,2022,Aug,Chandigarh,274463,Number
EPFO,Net number of subscribers,2022,Aug,Uttarakhand,299204,Number
EPFO,Net number of subscribers,2022,Aug,Haryana,322725,Number
EPFO,Net number of subscribers,2022,Aug,Delhi,182962,Number
EPFO,Net number of subscribers,2022,Aug,Rajasthan,190979,Number
EPFO,Net number of subscribers,2022,Aug,Uttar Pradesh,214704,Number
EPFO,Net number of subscribers,2022,Aug,Bihar,184362,Number
EPFO,Net number of subscribers,2022,Aug,Sikkim,316915,Number
EPFO,Net number of subscribers,2022,Aug,Arunachal Pradesh,359606,Number
EPFO,Net number of subscribers,2022,Aug,Nagaland,235976,Number
EPFO,Net number of subscribers,2022,Aug,Manipur,339577,Number
EPFO,Net number of subscribers,2022,Aug,Mizoram,370728,Number
EPFO,Net number of subscribers,2022,Aug,Tripura,216874,Number
EPFO,Net number of subscribers,2022,Aug,Meghalaya,232556,Number
EPFO,Net number of subscribers,2022,Aug,Assam,320826,Number
EPFO,Net number of subscribers,2022,Aug,West Bengal,161270,Number
EPFO,Net number of subscribers,2022,Aug,Jharkhand,258452,Number
EPFO,Net number of subscribers,2022,Aug,Odisha,173540,Number
EPFO,Net number of subscribers,2022,Aug,Chhattisgarh,153421,Number
EPFO,Net number of subscribers,2022,Aug,Madhya Pradesh,193981,Number
EPFO,Net number of subscribers,2022,Aug,Gujarat,194132,Number
EPFO,Net number of subscribers,2022,Aug,Dadra and Nagar Haveli and Daman and Diu,238436,Number
EPFO,Net number of subscribers,2022,Aug,Maharashtra,203836,Number
EPFO,Net number of subscribers,2022,Aug,Andhra Pradesh,367029,Number
EPFO,Net number of subscribers,2022,Aug,Karnataka,277553,Number
EPFO,Net number of subscribers,2022,Aug,Goa,177989,Number
EPFO,Net number of subscribers,2022,Aug,Lakshadweep,166864,Number
EPFO,Net number of subscribers,2022,Aug,Kerala,323294,Number
EPFO,Net number of subscribers,2022,Aug,Tamil Nadu,224590,Number
EPFO,Net number of subscribers,2022,Aug,Puducherry,245638,Number
EPFO,Net number of subscribers,2022,Aug,Andaman and Nicobar Islands,189879,Number
EPFO,Net number of subscribers,2022,Aug,Telangana,252228,Number
EPFO,Net number of subscribers,2022,Aug,Ladakh,208056,Number
EPFO,Net number of subscribers,2022,Sep,India,10052443,Number
EPFO,Net number of subscribers,2022,Sep,Jammu and Kashmir,245382,Number
EPFO,Net number of subscribers,2022,Sep,Himachal Pradesh,306717,Number
EPFO,Net number of subscribers,2022,Sep,Punjab,245383,Number
EPFO,Net number of subscribers,2022,Sep,Chandigarh,268751,Number
EPFO,Net number of subscribers,2022,Sep,Uttarakhand,304143,Number
EPFO,Net number of subscribers,2022,Sep,Haryana,325094,Number
EPFO,Net number of subscribers,2022,Sep,Delhi,185141,Number
EPFO,Net number of subscribers,2022,Sep,Rajasthan,197027,Number
EPFO,Net number of subscribers,2022,Sep,Uttar Pradesh,207548,Number
EPFO,Net number of subscribers,2022,Sep,Bihar,182112,Number
EPFO,Net number of subscribers,2022,Sep,Sikkim,324476,Number
EPFO,Net number of subscribers,2022,Sep,Arunachal Pradesh,369740,Number
EPFO,Net number of subscribers,2022,Sep,Nagaland,230664,Number
EPFO,Net number of subscribers,2022,Sep,Manipur,344244,Number
EPFO,Net number of subscribers,2022,Sep,Mizoram,374964,Number
EPFO,Net number of subscribers,2022,Sep,Tripura,223740,Number
EPFO,Net number of subscribers,2022,Sep,Meghalaya,224415,Number
EPFO,Net number of subscribers,2022,Sep,Assam,320309,Number
EPFO,Net number of subscribers,2022,Sep,West Bengal,164733,Number
EPFO,Net number of subscribers,2022,Sep,Jharkhand,252078,Number
EPFO,Net number of subscribers,2022,Sep,Odisha,172225,Number
EPFO,Net number of subscribers,2022,Sep,Chhattisgarh,149115,Number
EPFO,Net number of subscribers,2022,Sep,Madhya Pradesh,204165,Number
EPFO,Net number of subscribers,2022,Sep,Gujarat,201478,Number
EPFO,Net number of subscribers,2022,Sep,Dadra and Nagar Haveli and Daman and Diu,236190,Number
EPFO,Net number of subscribers,2022,Sep,Maharashtra,202058,Number
EPFO,Net number of subscribers,2022,Sep,Andhra Pradesh,373315,Number
EPFO,Net number of subscribers,2022,Sep,Karnataka,288699,Number
EPFO,Net number of subscribers,2022,Sep,Goa,179358,Number
EPFO,Net number of subscribers,2022,Sep,Lakshadweep,175854,Number
EPFO,Net number of subscribers,2022,Sep,Kerala,332719,Number
EPFO,Net number of subscribers,2022,Sep,Tamil Nadu,226832,Number
EPFO,Net number of subscribers,2022,Sep,Puducherry,250682,Number
EPFO,Net number of subscribers,2022,Sep,Andaman and Nicobar Islands,197167,Number
EPFO,Net number of subscribers,2022,Sep,Telangana,260671,Number
EPFO,Net number of subscribers,2022,Sep,Ladakh,210860,Number
EPFO,Net number of subscribers,2022,Oct,India,9754821,Number
EPFO,Net number of subscribers,2022,Oct,Jammu and Kashmir,234319,Number
EPFO,Net number of subscribers,2022,Oct,Himachal Pradesh,308398,Number
EPFO,Net number of subscribers,2022,Oct,Punjab,255767,Number
EPFO,Net number of subscribers,2022,Oct,Chandigarh,283397,Number
EPFO,Net number of subscribers,2022,Oct,Uttarakhand,325226,Number
EPFO,Net number of subscribers,2022,Oct,Haryana,341016,Number
EPFO,Net number of subscribers,2022,Oct,Delhi,180772,Number
EPFO,Net number of subscribers,2022,Oct,Rajasthan,193258,Number
EPFO,Net number of subscribers,2022,Oct,Uttar Pradesh,216076,Number
EPFO,Net number of subscribers,2022,Oct,Bihar,177517,Number
EPFO,Net number of subscribers,2022,Oct,Sikkim,343326,Number
EPFO,Net number of subscribers,2022,Oct,Arunachal Pradesh,376450,Number
EPFO,Net number of subscribers,2022,Oct,Nagaland,228917,Number
EPFO,Net number of subscribers,2022,Oct,Manipur,334102,Number
EPFO,Net number of subscribers,2022,Oct,Mizoram,371570,Number
EPFO,Net number of subscribers,2022,Oct,Tripura,223856,Number
EPFO,Net number of subscribers,2022,Oct,Meghalaya,236777,Number
EPFO,Net number of subscribers,2022,Oct,Assam,335839,Number
EPFO,Net number of subscribers,2022,Oct,West Bengal,167182,Number
EPFO,Net number of subscribers,2022,Oct,Jharkhand,261933,Number
EPFO,Net number of subscribers,2022,Oct,Odisha,166006,Number
EPFO,Net number of subscribers,2022,Oct,Chhattisgarh,145975,Number
EPFO,Net number of subscribers,2022,Oct,Madhya Pradesh,201328,Number
EPFO,Net number of subscribers,2022,Oct,Gujarat,206232,Number
EPFO,Net number of subscribers,2022,Oct,Dadra and Nagar Haveli and Daman and Diu,243455,Number
EPFO,Net number of subscribers,2022,Oct,Maharashtra,208069,Number
EPFO,Net number of subscribers,2022,Oct,Andhra Pradesh,360588,Number
EPFO,Net number of subscribers,2022,Oct,Karnataka,283850,Number
EPFO,Net number of subscribers,2022,Oct,Goa,178726,Number
EPFO,Net number of subscribers,2022,Oct,Lakshadweep,169042,Number
EPFO,Net number of subscribers,2022,Oct,Kerala,325453,Number
EPFO,Net number of subscribers,2022,Oct,Tamil Nadu,226378,Number
EPFO,Net number of subscribers,2022,Oct,Puducherry,242944,Number
EPFO,Net number of subscribers,2022,Oct,Andaman and Nicobar Islands,187270,Number
EPFO,Net number of subscribers,2022,Oct,Telangana,256654,Number
EPFO,Net number of subscribers,2022,Oct,Ladakh,204600,Number
EPFO,Net number of subscribers,2022,Nov,India,10544782,Number
EPFO,Net number of subscribers,2022,Nov,Jammu and Kashmir,235573,Number
EPFO,Net number of subscribers,2022,Nov,Himachal Pradesh,322903,Number
EPFO,Net number of subscribers,2022,Nov,Punjab,253705,Number
EPFO,Net number of subscribers,2022,Nov,Chandigarh,264504,Number
EPFO,Net number of subscribers,2022,Nov,Uttarakhand,316679,Number
EPFO,Net number of subscribers,2022,Nov,Haryana,343108,Number
EPFO,Net number of subscribers,2022,Nov,Delhi,190028,Number
EPFO,Net number of subscribers,2022,Nov,Rajasthan,200265,Number
EPFO,Net number of subscribers,2022,Nov,Uttar Pradesh,212640,Number
EPFO,Net number of subscribers,2022,Nov,Bihar,183311,Number
EPFO,Net number of subscribers,2022,Nov,Sikkim,332615,Number
EPFO,Net number of subscribers,2022,Nov,Arunachal Pradesh,369412,Number
EPFO,Net number of subscribers,2022,Nov,Nagaland,241934,Number
EPFO,Net number of subscribers,2022,Nov,Manipur,359185,Number
EPFO,Net number of subscribers,2022,Nov,Mizoram,389866,Number
EPFO,Net number of subscribers,2022,Nov,Tripura,228150,Number
EPFO,Net number of subscribers,2022,Nov,Meghalaya,236167,Number
EPFO,Net number of subscribers,2022,Nov,Assam,323929,Number
EPFO,Net number of subscribers,2022,Nov,West Bengal,163872,Number
EPFO,Net number of subscribers,2022,Nov,Jharkhand,259105,Number
EPFO,Net number of subscribers,2022,Nov,Odisha,178733,Number
EPFO,Net number of subscribers,2022,Nov,Chhattisgarh,156467,Number
EPFO,Net number of subscribers,2022,Nov,Madhya Pradesh,205740,Number
EPFO,Net number of subscribers,2022,Nov,Gujarat,196657,Number
EPFO,Net number of subscribers,2022,Nov,Dadra and Nagar Haveli and Daman and Diu,236460,Number
EPFO,Net number of subscribers,2022,Nov,Maharashtra,201967,Number
EPFO,Net number of subscribers,2022,Nov,Andhra Pradesh,372196,Number
EPFO,Net number of subscribers,2022,Nov,Karnataka,290426,Number
EPFO,Net number of subscribers,2022,Nov,Goa,190612,Number
EPFO,Net number of subscribers,2022,Nov,Lakshadweep,171211,Number
EPFO,Net number of subscribers,2022,Nov,Kerala,328544,Number
EPFO,Net number of subscribers,2022,Nov,Tamil Nadu,219907,Number
EPFO,Net number of subscribers,2022,Nov,Puducherry,249728,Number
EPFO,Net number of subscribers,2022,Nov,Andaman and Nicobar Islands,197808,Number
EPFO,Net number of subscribers,2022,Nov,Telangana,246499,Number
EPFO,Net number of subscribers,2022,Nov,Ladakh,217423,Number
EPFO,Net number of subscribers,2022,Dec,India,10068654,Number
EPFO,Net number of subscribers,2022,Dec,Jammu and Kashmir,253937,Number
EPFO,Net number of subscribers,2022,Dec,Himachal Pradesh,327596,Number
EPFO,Net number of subscribers,2022,Dec,Punjab,249755,Number
EPFO,Net number of subscribers,2022,Dec,Chandigarh,281197,Number
EPFO,Net number of subscribers,2022,Dec,Uttarakhand,307805,Number
EPFO,Net number of subscribers,2022,Dec,Haryana,337410,Number
EPFO,Net number of subscribers,2022,Dec,Delhi,180314,Number
EPFO,Net number of subscribers,2022,Dec,Rajasthan,189300,Number
EPFO,Net number of subscribers,2022,Dec,Uttar Pradesh,219755,Number
EPFO,Net number of subscribers,2022,Dec,Bihar,185388,Number
EPFO,Net number of subscribers,2022,Dec,Sikkim,334332,Number
EPFO,Net number of subscribers,2022,Dec,Arunachal Pradesh,380861,Number
EPFO,Net number of subscribers,2022,Dec,Nagaland,231595,Number
EPFO,Net number of subscribers,2022,Dec,Manipur,363043,Number
EPFO,Net number of subscribers,2022,Dec,Mizoram,394673,Number
EPFO,Net number of subscribers,2022,Dec,Tripura,226503,Number
EPFO,Net number of subscribers,2022,Dec,Meghalaya,245424,Number
EPFO,Net number of subscribers,2022,Dec,Assam,339571,Number
EPFO,Net number of subscribers,2022,Dec,West Bengal,168986,Number
EPFO,Net number of subscribers,2022,Dec,Jharkhand,247174,Number
EPFO,Net number of subscribers,2022,Dec,Odisha,169161,Number
EPFO,Net number of subscribers,2022,Dec,Chhattisgarh,156053,Number
EPFO,Net number of subscribers,2022,Dec,Madhya Pradesh,205768,Number
EPFO,Net number of subscribers,2022,Dec,Gujarat,203358,Number
EPFO,Net number of subscribers,2022,Dec,Dadra and Nagar Haveli and Daman and Diu,249608,Number
EPFO,Net number of subscribers,2022,Dec,Maharashtra,198860,Number
EPFO,Net number of subscribers,2022,Dec,Andhra Pradesh,376774,Number
EPFO,Net number of subscribers,2022,Dec,Karnataka,278984,Number
EPFO,Net number of subscribers,2022,Dec,Goa,189612,Number
EPFO,Net number of subscribers,2022,Dec,Lakshadweep,168029,Number
EPFO,Net number of subscribers,2022,Dec,Kerala,320380,Number
EPFO,Net number of subscribers,2022,Dec,Tamil Nadu,228999,Number
EPFO,Net number of subscribers,2022,Dec,Puducherry,252982,Number
EPFO,Net number of subscribers,2022,Dec,Andaman and Nicobar Islands,190390,Number
EPFO,Net number of subscribers,2022,Dec,Telangana,258461,Number
EPFO,Net number of subscribers,2022,Dec,Ladakh,207142,Number
EPFO,Net number of subscribers,2023,Jan,India,10577739,Number
EPFO,Net number of subscribers,2023,Jan,Jammu and Kashmir,259190,Number
EPFO,Net number of subscribers,2023,Jan,Himachal Pradesh,338589,Number
EPFO,Net number of subscribers,2023,Jan,Punjab,271261,Number
EPFO,Net number of subscribers,2023,Jan,Chandigarh,291375,Number
EPFO,Net number of subscribers,2023,Jan,Uttarakhand,338390,Number
EPFO,Net number of subscribers,2023,Jan,Haryana,352945,Number
EPFO,Net number of subscribers,2023,Jan,Delhi,194217,Number
EPFO,Net number of subscribers,2023,Jan,Rajasthan,195629,Number
EPFO,Net number of subscribers,2023,Jan,Uttar Pradesh,216705,Number
EPFO,Net number of subscribers,2023,Jan,Bihar,192697,Number
EPFO,Net number of subscribers,2023,Jan,Sikkim,342692,Number
EPFO,Net number of subscribers,2023,Jan,Arunachal Pradesh,367150,Number
EPFO,Net number of subscribers,2023,Jan,Nagaland,234541,Number
EPFO,Net number of subscribers,2023,Jan,Manipur,350721,Number
EPFO,Net number of subscribers,2023,Jan,Mizoram,376103,Number
EPFO,Net number of subscribers,2023,Jan,Tripura,235697,Number
EPFO,Net number of subscribers,2023,Jan,Meghalaya,248938,Number
EPFO,Net number of subscribers,2023,Jan,Assam,335656,Number
EPFO,Net number of subscribers,2023,Jan,West Bengal,162091,Number
EPFO,Net number of subscribers,2023,Jan,Jharkhand,270715,Number
EPFO,Net number of subscribers,2023,Jan,Odisha,174768,Number
EPFO,Net number of subscribers,2023,Jan,Chhattisgarh,154247,Number
EPFO,Net number of subscribers,2023,Jan,Madhya Pradesh,206544,Number
EPFO,Net number of subscribers,2023,Jan,Gujarat,213299,Number
EPFO,Net number of subscribers,2023,Jan,Dadra and Nagar Haveli and Daman and Diu,257498,Number
EPFO,Net number of subscribers,2023,Jan,Maharashtra,202413,Number
EPFO,Net number of subscribers,2023,Jan,Andhra Pradesh,400106,Number
EPFO,Net number of subscribers,2023,Jan,Karnataka,293307,Number
EPFO,Net number of subscribers,2023,Jan,Goa,194488,Number
EPFO,Net number of subscribers,2023,Jan,Lakshadweep,175336,Number
EPFO,Net number of subscribers,2023,Jan,Kerala,347248,Number
EPFO,Net number of subscribers,2023,Jan,Tamil Nadu,225745,Number
EPFO,Net number of subscribers,2023,Jan,Puducherry,250472,Number
EPFO,Net number of subscribers,2023,Jan,Andaman and Nicobar Islands,205597,Number
EPFO,Net number of subscribers,2023,Jan,Telangana,268039,Number
EPFO,Net number of subscribers,2023,Jan,Ladakh,217724,Number
EPFO,Net number of subscribers,2023,Feb,India,10254021,Number
EPFO,Net number of subscribers,2023,Feb,Jammu and Kashmir,250252,Number
EPFO,Net number of subscribers,2023,Feb,Himachal Pradesh,323958,Number
EPFO,Net number of subscribers,2023,Feb,Punjab,260503,Number
EPFO,Net number of subscribers,2023,Feb,Chandigarh,293330,Number
EPFO,Net number of subscribers,2023,Feb,Uttarakhand,328602,Number
EPFO,Net number of subscribers,2023,Feb,Haryana,361493,Number
EPFO,Net number of subscribers,2023,Feb,Delhi,196571,Number
EPFO,Net number of subscribers,2023,Feb,Rajasthan,200861,Number
EPFO,Net number of subscribers,2023,Feb,Uttar Pradesh,222645,Number
EPFO,Net number of subscribers,2023,Feb,Bihar,194216,Number
EPFO,Net number of subscribers,2023,Feb,Sikkim,359405,Number
EPFO,Net number of subscribers,2023,Feb,Arunachal Pradesh,367234,Number
EPFO,Net number of subscribers,2023,Feb,Nagaland,241331,Number
EPFO,Net number of subscribers,2023,Feb,Manipur,371488,Number
EPFO,Net number of subscribers,2023,Feb,Mizoram,397254,Number
EPFO,Net number of subscribers,2023,Feb,Tripura,239183,Number
EPFO,Net number of subscribers,2023,Feb,Meghalaya,243718,Number
EPFO,Net number of subscribers,2023,Feb,Assam,340134,Number
EPFO,Net number of subscribers,2023,Feb,West Bengal,175596,Number
EPFO,Net number of subscribers,2023,Feb,Jharkhand,261599,Number
EPFO,Net number of subscribers,2023,Feb,Odisha,174093,Number
EPFO,Net number of subscribers,2023,Feb,Chhattisgarh,155824,Number
EPFO,Net number of subscribers,2023,Feb,Madhya Pradesh,210994,Number
EPFO,Net number of subscribers,2023,Feb,Gujarat,216655,Number
EPFO,Net number of subscribers,2023,Feb,Dadra and Nagar Haveli and Daman and Diu,254274,Number
EPFO,Net number of subscribers,2023,Feb,Maharashtra,212285,Number
EPFO,Net number of subscribers,2023,Feb,Andhra Pradesh,392829,Number
EPFO,Net number of subscribers,2023,Feb,Karnataka,287776,Number
EPFO,Net number of subscribers,2023,Feb,Goa,197801,Number
EPFO,Net number of subscribers,2023,Feb,Lakshadweep,182253,Number
EPFO,Net number of subscribers,2023,Feb,Kerala,352215,Number
EPFO,Net number of subscribers,2023,Feb,Tamil Nadu,235026,Number
EPFO,Net number of subscribers,2023,Feb,Puducherry,250770,Number
EPFO,Net number of subscribers,2023,Feb,Andaman and Nicobar Islands,203067,Number
EPFO,Net number of subscribers,2023,Feb,Telangana,269246,Number
EPFO,Net number of subscribers,2023,Feb,Ladakh,222394,Number
EPFO,Net number of subscribers,2023,Mar,India,10652455,Number
EPFO,Net number of subscribers,2023,Mar,Jammu and Kashmir,265365,Number
EPFO,Net number of subscribers,2023,Mar,Himachal Pradesh,333256,Number
EPFO,Net number of subscribers,2023,Mar,Punjab,267566,Number
EPFO,Net number of subscribers,2023,Mar,Chandigarh,289819,Number
EPFO,Net number of subscribers,2023,Mar,Uttarakhand,329328,Number
EPFO,Net number of subscribers,2023,Mar,Haryana,365481,Number
EPFO,Net number of subscribers,2023,Mar,Delhi,195436,Number
EPFO,Net number of subscribers,2023,Mar,Rajasthan,195728,Number
EPFO,Net number of subscribers,2023,Mar,Uttar Pradesh,222390,Number
EPFO,Net number of subscribers,2023,Mar,Bihar,190196,Number
EPFO,Net number of subscribers,2023,Mar,Sikkim,356974,Number
EPFO,Net number of subscribers,2023,Mar,Arunachal Pradesh,397991,Number
EPFO,Net number of subscribers,2023,Mar,Nagaland,237356,Number
EPFO,Net number of subscribers,2023,Mar,Manipur,371550,Number
EPFO,Net number of subscribers,2023,Mar,Mizoram,391260,Number
EPFO,Net number of subscribers,2023,Mar,Tripura,236349,Number
EPFO,Net number of subscribers,2023,Mar,Meghalaya,241471,Number
EPFO,Net number of subscribers,2023,Mar,Assam,366056,Number
EPFO,Net number of subscribers,2023,Mar,West Bengal,167916,Number
EPFO,Net number of subscribers,2023,Mar,Jharkhand,272572,Number
EPFO,Net number of subscribers,2023,Mar,Odisha,185536,Number
EPFO,Net number of subscribers,2023,Mar,Chhattisgarh,159192,Number
EPFO,Net number of subscribers,2023,Mar,Madhya Pradesh,208558,Number
EPFO,Net number of subscribers,2023,Mar,Gujarat,219645,Number
EPFO,Net number of subscribers,2023,Mar,Dadra and Nagar Haveli and Daman and Diu,249081,Number
EPFO,Net number of subscribers,2023,Mar,Maharashtra,216438,Number
EPFO,Net number of subscribers,2023,Mar,Andhra Pradesh,401664,Number
EPFO,Net number of subscribers,2023,Mar,Karnataka,303018,Number
EPFO,Net number of subscribers,2023,Mar,Goa,185493,Number
EPFO,Net number of subscribers,2023,Mar,Lakshadweep,184724,Number
EPFO,Net number of subscribers,2023,Mar,Kerala,350059,Number
EPFO,Net number of subscribers,2023,Mar,Tamil Nadu,235713,Number
EPFO,Net number of subscribers,2023,Mar,Puducherry,250516,Number
EPFO,Net number of subscribers,2023,Mar,Andaman and Nicobar Islands,195905,Number
EPFO,Net number of subscribers,2023,Mar,Telangana,277134,Number
EPFO,Net number of subscribers,2023,Mar,Ladakh,228241,Number
EPFO,Net number of subscribers,2023,Apr,India,10556130,Number
EPFO,Net number of subscribers,2023,Apr,Jammu and Kashmir,257512,Number
EPFO,Net number of subscribers,2023,Apr,Himachal Pradesh,322808,Number
EPFO,Net number of subscribers,2023,Apr,Punjab,266184,Number
EPFO,Net number of subscribers,2023,Apr,Chandigarh,279867,Number
EPFO,Net number of subscribers,2023,Apr,Uttarakhand,346374,Number
EPFO,Net number of subscribers,2023,Apr,Haryana,362607,Number
EPFO,Net number of subscribers,2023,Apr,Delhi,187672,Number
EPFO,Net number of subscribers,2023,Apr,Rajasthan,207253,Number
EPFO,Net number of subscribers,2023,Apr,Uttar Pradesh,217753,Number
EPFO,Net number of subscribers,2023,Apr,Bihar,194588,Number
EPFO,Net number of subscribers,2023,Apr,Sikkim,357773,Number
EPFO,Net number of subscribers,2023,Apr,Arunachal Pradesh,382887,Number
EPFO,Net number of subscribers,2023,Apr,Nagaland,238928,Number
EPFO,Net number of subscribers,2023,Apr,Manipur,368530,Number
EPFO,Net number of subscribers,2023,Apr,Mizoram,385839,Number
EPFO,Net number of subscribers,2023,Apr,Tripura,229586,Number
EPFO,Net number of subscribers,2023,Apr,Meghalaya,240088,Number
EPFO,Net number of subscribers,2023,Apr,Assam,361642,Number
EPFO,Net number of subscribers,2023,Apr,West Bengal,171277,Number
EPFO,Net number of subscribers,2023,Apr,Jharkhand,265271,Number
EPFO,Net number of subscribers,2023,Apr,Odisha,185133,Number
EPFO,Net number of subscribers,2023,Apr,Chhattisgarh,166668,Number
EPFO,Net number of subscribers,2023,Apr,Madhya Pradesh,216052,Number
EPFO,Net number of subscribers,2023,Apr,Gujarat,215585,Number
EPFO,Net number of subscribers,2023,Apr,Dadra and Nagar Haveli and Daman and Diu,256165,Number
EPFO,Net number of subscribers,2023,Apr,Maharashtra,213713,Number
EPFO,Net number of subscribers,2023,Apr,Andhra Pradesh,391636,Number
EPFO,Net number of subscribers,2023,Apr,Karnataka,305263,Number
EPFO,Net number of subscribers,2023,Apr,Goa,195540,Number
EPFO,Net number of subscribers,2023,Apr,Lakshadweep,178424,Number
EPFO,Net number of subscribers,2023,Apr,Kerala,336783,Number
EPFO,Net number of subscribers,2023,Apr,Tamil Nadu,241579,Number
EPFO,Net number of subscribers,2023,Apr,Puducherry,263477,Number
EPFO,Net number of subscribers,2023,Apr,Andaman and Nicobar Islands,211097,Number
EPFO,Net number of subscribers,2023,Apr,Telangana,274738,Number
EPFO,Net number of subscribers,2023,Apr,Ladakh,227401,Number
EPFO,Net number of subscribers,2023,May,India,10560584,Number
EPFO,Net number of subscribers,2023,May,Jammu and Kashmir,265433,Number
EPFO,Net number of subscribers,2023,May,Himachal Pradesh,330353,Number
EPFO,Net number of subscribers,2023,May,Punjab,275230,Number
EPFO,Net number of subscribers,2023,May,Chandigarh,283889,Number
EPFO,Net number of subscribers,2023,May,Uttarakhand,322864,Number
EPFO,Net number of subscribers,2023,May,Haryana,367000,Number
EPFO,Net number of subscribers,2023,May,Delhi,192664,Number
EPFO,Net number of subscribers,2023,May,Rajasthan,202044,Number
EPFO,Net number of subscribers,2023,May,Uttar Pradesh,229338,Number
EPFO,Net number of subscribers,2023,May,Bihar,195713,Number
EPFO,Net number of subscribers,2023,May,Sikkim,347952,Number
EPFO,Net number of subscribers,2023,May,Arunachal Pradesh,401233,Number
EPFO,Net number of subscribers,2023,May,Nagaland,239476,Number
EPFO,Net number of subscribers,2023,May,Manipur,353365,Number
EPFO,Net number of subscribers,2023,May,Mizoram,404402,Number
EPFO,Net number of subscribers,2023,May,Tripura,234422,Number
EPFO,Net number of subscribers,2023,May,Meghalaya,249898,Number
EPFO,Net number of subscribers,2023,May,Assam,369881,Number
EPFO,Net number of subscribers,2023,May,West Bengal,177933,Number
EPFO,Net number of subscribers,2023,May,Jharkhand,273218,Number
EPFO,Net number of subscribers,2023,May,Odisha,180713,Number
EPFO,Net number of subscribers,2023,May,Chhattisgarh,166353,Number
EPFO,Net number of subscribers,2023,May,Madhya Pradesh,219847,Number
EPFO,Net number of subscribers,2023,May,Gujarat,224307,Number
EPFO,Net number of subscribers,2023,May,Dadra and Nagar Haveli and Daman and Diu,256080,Number
EPFO,Net number of subscribers,2023,May,Maharashtra,218080,Number
EPFO,Net number of subscribers,2023,May,Andhra Pradesh,396282,Number
EPFO,Net number of subscribers,2023,May,Karnataka,302121,Number
EPFO,Net number of subscribers,2023,May,Goa,188732,Number
EPFO,Net number of subscribers,2023,May,Lakshadweep,179127,Number
EPFO,Net number of subscribers,2023,May,Kerala,358412,Number
EPFO,Net number of subscribers,2023,May,Tamil Nadu,245076,Number
EPFO,Net number of subscribers,2023,May,Puducherry,258710,Number
EPFO,Net number of subscribers,2023,May,Andaman and Nicobar Islands,206871,Number
EPFO,Net number of subscribers,2023,May,Telangana,278036,Number
EPFO,Net number of subscribers,2023,May,Ladakh,234684,Number
EPFO,Net number of subscribers,2023,Jun,India,11297413,Number
EPFO,Net number of subscribers,2023,Jun,Jammu and Kashmir,270312,Number
EPFO,Net number of subscribers,2023,Jun,Himachal Pradesh,331002,Number
EPFO,Net number of subscribers,2023,Jun,Punjab,269020,Number
EPFO,Net number of subscribers,2023,Jun,Chandigarh,297792,Number
EPFO,Net number of subscribers,2023,Jun,Uttarakhand,334420,Number
EPFO,Net number of subscribers,2023,Jun,Haryana,345429,Number
EPFO,Net number of subscribers,2023,Jun,Delhi,196747,Number
EPFO,Net number of subscribers,2023,Jun,Rajasthan,206785,Number
EPFO,Net number of subscribers,2023,Jun,Uttar Pradesh,225526,Number
EPFO,Net number of subscribers,2023,Jun,Bihar,197116,Number
EPFO,Net number of subscribers,2023,Jun,Sikkim,366749,Number
EPFO,Net number of subscribers,2023,Jun,Arunachal Pradesh,395488,Number
EPFO,Net number of subscribers,2023,Jun,Nagaland,248987,Number
EPFO,Net number of subscribers,2023,Jun,Manipur,378635,Number
EPFO,Net number of subscribers,2023,Jun,Mizoram,395102,Number
EPFO,Net number of subscribers,2023,Jun,Tripura,232536,Number
EPFO,Net number of subscribers,2023,Jun,Meghalaya,248446,Number
EPFO,Net number of subscribers,2023,Jun,Assam,369624,Number
EPFO,Net number of subscribers,2023,Jun,West Bengal,173691,Number
EPFO,Net number of subscribers,2023,Jun,Jharkhand,281971,Number
EPFO,Net number of subscribers,2023,Jun,Odisha,188617,Number
EPFO,Net number of subscribers,2023,Jun,Chhattisgarh,161165,Number
EPFO,Net number of subscribers,2023,Jun,Madhya Pradesh,226106,Number
EPFO,Net number of subscribers,2023,Jun,Gujarat,219228,Number
EPFO,Net number of subscribers,2023,Jun,Dadra and Nagar Haveli and Daman and Diu,258401,Number
EPFO,Net number of subscribers,2023,Jun,Maharashtra,212398,Number
EPFO,Net number of subscribers,2023,Jun,Andhra Pradesh,386729,Number
EPFO,Net number of subscribers,2023,Jun,Karnataka,312472,Number
EPFO,Net number of subscribers,2023,Jun,Goa,199847,Number
EPFO,Net number of subscribers,2023,Jun,Lakshadweep,186554,Number
EPFO,Net number of subscribers,2023,Jun,Kerala,334600,Number
EPFO,Net number of subscribers,2023,Jun,Tamil Nadu,238322,Number
EPFO,Net number of subscribers,2023,Jun,Puducherry,259094,Number
EPFO,Net number of subscribers,2023,Jun,Andaman and Nicobar Islands,206965,Number
EPFO,Net number of subscribers,2023,Jun,Telangana,269303,Number
EPFO,Net number of subscribers,2023,Jun,Ladakh,223295,Number
EPFO,Net number of subscribers,2023,Jul,India,10926869,Number
EPFO,Net number of subscribers,2023,Jul,Jammu and Kashmir,270490,Number
EPFO,Net number of subscribers,2023,Jul,Himachal Pradesh,344950,Number
EPFO,Net number of subscribers,2023,Jul,Punjab,269112,Number
EPFO,Net number of subscribers,2023,Jul,Chandigarh,300702,Number
EPFO,Net number of subscribers,2023,Jul,Uttarakhand,333800,Number
EPFO,Net number of subscribers,2023,Jul,Haryana,373659,Number
EPFO,Net number of subscribers,2023,Jul,Delhi,199389,Number
EPFO,Net number of subscribers,2023,Jul,Rajasthan,216287,Number
EPFO,Net number of subscribers,2023,Jul,Uttar Pradesh,235101,Number
EPFO,Net number of subscribers,2023,Jul,Bihar,195867,Number
EPFO,Net number of subscribers,2023,Jul,Sikkim,364300,Number
EPFO,Net number of subscribers,2023,Jul,Arunachal Pradesh,390023,Number
EPFO,Net number of subscribers,2023,Jul,Nagaland,250135,Number
EPFO,Net number of subscribers,2023,Jul,Manipur,361535,Number
EPFO,Net number of subscribers,2023,Jul,Mizoram,405809,Number
EPFO,Net number of subscribers,2023,Jul,Tripura,235972,Number
EPFO,Net number of subscribers,2023,Jul,Meghalaya,244222,Number
EPFO,Net number of subscribers,2023,Jul,Assam,364284,Number
EPFO,Net number of subscribers,2023,Jul,West Bengal,181959,Number
EPFO,Net number of subscribers,2023,Jul,Jharkhand,282341,Number
EPFO,Net number of subscribers,2023,Jul,Odisha,180202,Number
EPFO,Net number of subscribers,2023,Jul,Chhattisgarh,164854,Number
EPFO,Net number of subscribers,2023,Jul,Madhya Pradesh,221119,Number
EPFO,Net number of subscribers,2023,Jul,Gujarat,223837,Number
EPFO,Net number of subscribers,2023,Jul,Dadra and Nagar Haveli and Daman and Diu,267901,Number
EPFO,Net number of subscribers,2023,Jul,Maharashtra,217599,Number
EPFO,Net number of subscribers,2023,Jul,Andhra Pradesh,404490,Number
EPFO,Net number of subscribers,2023,Jul,Karnataka,299420,Number
EPFO,Net number of subscribers,2023,Jul,Goa,189834,Number
EPFO,Net number of subscribers,2023,Jul,Lakshadweep,193440,Number
EPFO,Net number of subscribers,2023,Jul,Kerala,364005,Number
EPFO,Net number of subscribers,2023,Jul,Tamil Nadu,239205,Number
EPFO,Net number of subscribers,2023,Jul,Puducherry,259191,Number
EPFO,Net number of subscribers,2023,Jul,Andaman and Nicobar Islands,204065,Number
EPFO,Net number of subscribers,2023,Jul,Telangana,279391,Number
EPFO,Net number of subscribers,2023,Jul,Ladakh,226066,Number
EPFO,Net number of subscribers,2023,Aug,India,11442289,Number
EPFO,Net number of subscribers,2023,Aug,Jammu and Kashmir,274611,Number
EPFO,Net number of subscribers,2023,Aug,Himachal Pradesh,352391,Number
EPFO,Net number of subscribers,2023,Aug,Punjab,284454,Number
EPFO,Net number of subscribers,2023,Aug,Chandigarh,300727,Number
EPFO,Net number of subscribers,2023,Aug,Uttarakhand,343853,Number
EPFO,Net number of subscribers,2023,Aug,Haryana,353119,Number
EPFO,Net number of subscribers,2023,Aug,Delhi,195786,Number
EPFO,Net number of subscribers,2023,Aug,Rajasthan,216004,Number
EPFO,Net number of subscribers,2023,Aug,Uttar Pradesh,223180,Number
EPFO,Net number of subscribers,2023,Aug,Bihar,193396,Number
EPFO,Net number of subscribers,2023,Aug,Sikkim,365891,Number
EPFO,Net number of subscribers,2023,Aug,Arunachal Pradesh,407989,Number
EPFO,Net number of subscribers,2023,Aug,Nagaland,243731,Number
EPFO,Net number of subscribers,2023,Aug,Manipur,374930,Number
EPFO,Net number of subscribers,2023,Aug,Mizoram,422689,Number
EPFO,Net number of subscribers,2023,Aug,Tripura,247264,Number
EPFO,Net number of subscribers,2023,Aug,Meghalaya,244310,Number
EPFO,Net number of subscribers,2023,Aug,Assam,362283,Number
EPFO,Net number of subscribers,2023,Aug,West Bengal,173269,Number
EPFO,Net number of subscribers,2023,Aug,Jharkhand,276763,Number
EPFO,Net number of subscribers,2023,Aug,Odisha,190518,Number
EPFO,Net number of subscribers,2023,Aug,Chhattisgarh,159737,Number
EPFO,Net number of subscribers,2023,Aug,Madhya Pradesh,217503,Number
EPFO,Net number of subscribers,2023,Aug,Gujarat,217756,Number
EPFO,Net number of subscribers,2023,Aug,Dadra and Nagar Haveli and Daman and Diu,274369,Number
EPFO,Net number of subscribers,2023,Aug,Maharashtra,224817,Number
EPFO,Net number of subscribers,2023,Aug,Andhra Pradesh,403697,Number
EPFO,Net number of subscribers,2023,Aug,Karnataka,309408,Number
EPFO,Net number of subscribers,2023,Aug,Goa,195390,Number
EPFO,Net number of subscribers,2023,Aug,Lakshadweep,187405,Number
EPFO,Net number of subscribers,2023,Aug,Kerala,345626,Number
EPFO,Net number of subscribers,2023,Aug,Tamil Nadu,238535,Number
EPFO,Net number of subscribers,2023,Aug,Puducherry,257653,Number
EPFO,Net number of subscribers,2023,Aug,Andaman and Nicobar Islands,214700,Number
EPFO,Net number of subscribers,2023,Aug,Telangana,266629,Number
EPFO,Net number of subscribers,2023,Aug,Ladakh,222889,Number
EPFO,Net number of subscribers,2023,Sep,India,11305610,Number
EPFO,Net number of subscribers,2023,Sep,Jammu and Kashmir,275183,Number
EPFO,Net number of subscribers,2023,Sep,Himachal Pradesh,335314,Number
EPFO,Net number of subscribers,2023,Sep,Punjab,288061,Number
EPFO,Net number of subscribers,2023,Sep,Chandigarh,298684,Number
EPFO,Net number of subscribers,2023,Sep,Uttarakhand,342481,Number
EPFO,Net number of subscribers,2023,Sep,Haryana,371788,Number
EPFO,Net number of subscribers,2023,Sep,Delhi,198361,Number
EPFO,Net number of subscribers,2023,Sep,Rajasthan,210668,Number
EPFO,Net number of subscribers,2023,Sep,Uttar Pradesh,241629,Number
EPFO,Net number of subscribers,2023,Sep,Bihar,195617,Number
EPFO,Net number of subscribers,2023,Sep,Sikkim,354723,Number
EPFO,Net number of subscribers,2023,Sep,Arunachal Pradesh,400996,Number
EPFO,Net number of subscribers,2023,Sep,Nagaland,260659,Number
EPFO,Net number of subscribers,2023,Sep,Manipur,366192,Number
EPFO,Net number of subscribers,2023,Sep,Mizoram,398530,Number
EPFO,Net number of subscribers,2023,Sep,Tripura,247457,Number
EPFO,Net number of subscribers,2023,Sep,Meghalaya,254061,Number
EPFO,Net number of subscribers,2023,Sep,Assam,367897,Number
EPFO,Net number of subscribers,2023,Sep,West Bengal,183647,Number
EPFO,Net number of subscribers,2023,Sep,Jharkhand,268445,Number
EPFO,Net number of subscribers,2023,Sep,Odisha,189804,Number
EPFO,Net number of subscribers,2023,Sep,Chhattisgarh,161262,Number
EPFO,Net number of subscribers,2023,Sep,Madhya Pradesh,213300,Number
EPFO,Net number of subscribers,2023,Sep,Gujarat,215566,Number
EPFO,Net number of subscribers,2023,Sep,Dadra and Nagar Haveli and Daman and Diu,260096,Number
EPFO,Net number of subscribers,2023,Sep,Maharashtra,224469,Number
EPFO,Net number of subscribers,2023,Sep,Andhra Pradesh,404947,Number
EPFO,Net number of subscribers,2023,Sep,Karnataka,315119,Number
EPFO,Net number of subscribers,2023,Sep,Goa,192959,Number
EPFO,Net number of subscribers,2023,Sep,Lakshadweep,182985,Number
EPFO,Net number of subscribers,2023,Sep,Kerala,342928,Number
EPFO,Net number of subscribers,2023,Sep,Tamil Nadu,237399,Number
EPFO,Net number of subscribers,2023,Sep,Puducherry,269870,Number
EPFO,Net number of subscribers,2023,Sep,Andaman and Nicobar Islands,203576,Number
EPFO,Net number of subscribers,2023,Sep,Telangana,282519,Number
EPFO,Net number of subscribers,2023,Sep,Ladakh,242034,Number
EPFO,Net number of subscribers,2023,Oct,India,10982217,Number
EPFO,Net number of subscribers,2023,Oct,Jammu and Kashmir,262198,Number
EPFO,Net number of subscribers,2023,Oct,Himachal Pradesh,346113,Number
EPFO,Net number of subscribers,2023,Oct,Punjab,279927,Number
EPFO,Net number of subscribers,2023,Oct,Chandigarh,290455,Number
EPFO,Net number of subscribers,2023,Oct,Uttarakhand,343683,Number
EPFO,Net number of subscribers,2023,Oct,Haryana,379499,Number
EPFO,Net number of subscribers,2023,Oct,Delhi,196822,Number
EPFO,Net number of subscribers,2023,Oct,Rajasthan,208330,Number
EPFO,Net number of subscribers,2023,Oct,Uttar Pradesh,225568,Number
EPFO,Net number of subscribers,2023,Oct,Bihar,201486,Number
EPFO,Net number of subscribers,2023,Oct,Sikkim,353822,Number
EPFO,Net number of subscribers,2023,Oct,Arunachal Pradesh,408440,Number
EPFO,Net number of subscribers,2023,Oct,Nagaland,257792,Number
EPFO,Net number of subscribers,2023,Oct,Manipur,372238,Number
EPFO,Net number of subscribers,2023,Oct,Mizoram,417394,Number
EPFO,Net number of subscribers,2023,Oct,Tripura,255139,Number
EPFO,Net number of subscribers,2023,Oct,Meghalaya,258386,Number
EPFO,Net number of subscribers,2023,Oct,Assam,362014,Number
EPFO,Net number of subscribers,2023,Oct,West Bengal,179373,Number
EPFO,Net number of subscribers,2023,Oct,Jharkhand,286824,Number
EPFO,Net number of subscribers,2023,Oct,Odisha,191988,Number
EPFO,Net number of subscribers,2023,Oct,Chhattisgarh,163714,Number
EPFO,Net number of subscribers,2023,Oct,Madhya Pradesh,217791,Number
EPFO,Net number of subscribers,2023,Oct,Gujarat,220080,Number
EPFO,Net number of subscribers,2023,Oct,Dadra and Nagar Haveli and Daman and Diu,260055,Number
EPFO,Net number of subscribers,2023,Oct,Maharashtra,217675,Number
EPFO,Net number of subscribers,2023,Oct,Andhra Pradesh,398380,Number
EPFO,Net number of subscribers,2023,Oct,Karnataka,320372,Number
EPFO,Net number of subscribers,2023,Oct,Goa,192977,Number
EPFO,Net number of subscribers,2023,Oct,Lakshadweep,183876,Number
EPFO,Net number of subscribers,2023,Oct,Kerala,362133,Number
EPFO,Net number of subscribers,2023,Oct,Tamil Nadu,246171,Number
EPFO,Net number of subscribers,2023,Oct,Puducherry,277302,Number
EPFO,Net number of subscribers,2023,Oct,Andaman and Nicobar Islands,211447,Number
EPFO,Net number of subscribers,2023,Oct,Telangana,272971,Number
EPFO,Net number of subscribers,2023,Oct,Ladakh,235705,Number
EPFO,Net number of subscribers,2023,Nov,India,11668674,Number
EPFO,Net number of subscribers,2023,Nov,Jammu and Kashmir,261928,Number
EPFO,Net number of subscribers,2023,Nov,Himachal Pradesh,354008,Number
EPFO,Net number of subscribers,2023,Nov,Punjab,280980,Number
EPFO,Net number of subscribers,2023,Nov,Chandigarh,309998,Number
EPFO,Net number of subscribers,2023,Nov,Uttarakhand,345257,Number
EPFO,Net number of subscribers,2023,Nov,Haryana,358618,Number
EPFO,Net number of subscribers,2023,Nov,Delhi,201105,Number
EPFO,Net number of subscribers,2023,Nov,Rajasthan,219623,Number
EPFO,Net number of subscribers,2023,Nov,Uttar Pradesh,232042,Number
EPFO,Net number of subscribers,2023,Nov,Bihar,207282,Number
EPFO,Net number of subscribers,2023,Nov,Sikkim,368969,Number
EPFO,Net number of subscribers,2023,Nov,Arunachal Pradesh,407257,Number
EPFO,Net number of subscribers,2023,Nov,Nagaland,260690,Number
EPFO,Net number of subscribers,2023,Nov,Manipur,389903,Number
EPFO,Net number of subscribers,2023,Nov,Mizoram,407244,Number
EPFO,Net number of subscribers,2023,Nov,Tripura,242341,Number
EPFO,Net number of subscribers,2023,Nov,Meghalaya,248443,Number
EPFO,Net number of subscribers,2023,Nov,Assam,368419,Number
EPFO,Net number of subscribers,2023,Nov,West Bengal,186155,Number
EPFO,Net number of subscribers,2023,Nov,Jharkhand,285275,Number
EPFO,Net number of subscribers,2023,Nov,Odisha,197348,Number
EPFO,Net number of subscribers,2023,Nov,Chhattisgarh,170422,Number
EPFO,Net number of subscribers,2023,Nov,Madhya Pradesh,224380,Number
EPFO,Net number of subscribers,2023,Nov,Gujarat,227678,Number
EPFO,Net number of subscribers,2023,Nov,Dadra and Nagar Haveli and Daman and Diu,270273,Number
EPFO,Net number of subscribers,2023,Nov,Maharashtra,224393,Number
EPFO,Net number of subscribers,2023,Nov,Andhra Pradesh,399132,Number
EPFO,Net number of subscribers,2023,Nov,Karnataka,319769,Number
EPFO,Net number of subscribers,2023,Nov,Goa,194820,Number
EPFO,Net number of subscribers,2023,Nov,Lakshadweep,197658,Number
EPFO,Net number of subscribers,2023,Nov,Kerala,351066,Number
EPFO,Net number of subscribers,2023,Nov,Tamil Nadu,251534,Number
EPFO,Net number of subscribers,2023,Nov,Puducherry,277682,Number
EPFO,Net number of subscribers,2023,Nov,Andaman and Nicobar Islands,210657,Number
EPFO,Net number of subscribers,2023,Nov,Telangana,271626,Number
EPFO,Net number of subscribers,2023,Nov,Ladakh,228621,Number
EPFO,Net number of subscribers,2023,Dec,India,10855237,Number
EPFO,Net number of subscribers,2023,Dec,Jammu and Kashmir,268171,Number
EPFO,Net number of subscribers,2023,Dec,Himachal Pradesh,352698,Number
EPFO,Net number of subscribers,2023,Dec,Punjab,281708,Number
EPFO,Net number of subscribers,2023,Dec,Chandigarh,303547,Number
EPFO,Net number of subscribers,2023,Dec,Uttarakhand,350789,Number
EPFO,Net number of subscribers,2023,Dec,Haryana,374535,Number
EPFO,Net number of subscribers,2023,Dec,Delhi,204525,Number
EPFO,Net number of subscribers,2023,Dec,Rajasthan,213365,Number
EPFO,Net number of subscribers,2023,Dec,Uttar Pradesh,242302,Number
EPFO,Net number of subscribers,2023,Dec,Bihar,211059,Number
EPFO,Net number of subscribers,2023,Dec,Sikkim,367341,Number
EPFO,Net number of subscribers,2023,Dec,Arunachal Pradesh,398791,Number
EPFO,Net number of subscribers,2023,Dec,Nagaland,260921,Number
EPFO,Net number of subscribers,2023,Dec,Manipur,371519,Number
EPFO,Net number of subscribers,2023,Dec,Mizoram,419469,Number
EPFO,Net number of subscribers,2023,Dec,Tripura,245994,Number
EPFO,Net number of subscribers,2023,Dec,Meghalaya,259346,Number
EPFO,Net number of subscribers,2023,Dec,Assam,364918,Number
EPFO,Net number of subscribers,2023,Dec,West Bengal,180944,Number
EPFO,Net number of subscribers,2023,Dec,Jharkhand,276019,Number
EPFO,Net number of subscribers,2023,Dec,Odisha,199216,Number
EPFO,Net number of subscribers,2023,Dec,Chhattisgarh,167075,Number
EPFO,Net number of subscribers,2023,Dec,Madhya Pradesh,228821,Number
EPFO,Net number of subscribers,2023,Dec,Gujarat,227526,Number
EPFO,Net number of subscribers,2023,Dec,Dadra and Nagar Haveli and Daman and Diu,267310,Number
EPFO,Net number of subscribers,2023,Dec,Maharashtra,221045,Number
EPFO,Net number of subscribers,2023,Dec,Andhra Pradesh,419402,Number
EPFO,Net number of subscribers,2023,Dec,Karnataka,316913,Number
EPFO,Net number of subscribers,2023,Dec,Goa,202289,Number
EPFO,Net number of subscribers,2023,Dec,Lakshadweep,195147,Number
EPFO,Net number of subscribers,2023,Dec,Kerala,367832,Number
EPFO,Net number of subscribers,2023,Dec,Tamil Nadu,249128,Number
EPFO,Net number of subscribers,2023,Dec,Puducherry,279116,Number
EPFO,Net number of subscribers,2023,Dec,Andaman and Nicobar Islands,214999,Number
EPFO,Net number of subscribers,2023,Dec,Telangana,280680,Number
EPFO,Net number of subscribers,2023,Dec,Ladakh,235806,Number
EPFO,Net number of subscribers,2024,Jan,India,11367698,Number
EPFO,Net number of subscribers,2024,Jan,Jammu and Kashmir,278169,Number
EPFO,Net number of subscribers,2024,Jan,Himachal Pradesh,350246,Number
EPFO,Net number of subscribers,2024,Jan,Punjab,284303,Number
EPFO,Net number of subscribers,2024,Jan,Chandigarh,314047,Number
EPFO,Net number of subscribers,2024,Jan,Uttarakhand,347685,Number
EPFO,Net number of subscribers,2024,Jan,Haryana,368569,Number
EPFO,Net number of subscribers,2024,Jan,Delhi,207820,Number
EPFO,Net number of subscribers,2024,Jan,Rajasthan,213042,Number
EPFO,Net number of subscribers,2024,Jan,Uttar Pradesh,247317,Number
EPFO,Net number of subscribers,2024,Jan,Bihar,215633,Number
EPFO,Net number of subscribers,2024,Jan,Sikkim,369800,Number
EPFO,Net number of subscribers,2024,Jan,Arunachal Pradesh,432030,Number
EPFO,Net number of subscribers,2024,Jan,Nagaland,261228,Number
EPFO,Net number of subscribers,2024,Jan,Manipur,384849,Number
EPFO,Net number of subscribers,2024,Jan,Mizoram,419373,Number
EPFO,Net number of subscribers,2024,Jan,Tripura,249916,Number
EPFO,Net number of subscribers,2024,Jan,Meghalaya,260773,Number
EPFO,Net number of subscribers,2024,Jan,Assam,384484,Number
EPFO,Net number of subscribers,2024,Jan,West Bengal,187619,Number
EPFO,Net number of subscribers,2024,Jan,Jharkhand,278550,Number
EPFO,Net number of subscribers,2024,Jan,Odisha,193244,Number
EPFO,Net number of subscribers,2024,Jan,Chhattisgarh,172201,Number
EPFO,Net number of subscribers,2024,Jan,Madhya Pradesh,238983,Number
EPFO,Net number of subscribers,2024,Jan,Gujarat,224616,Number
EPFO,Net number of subscribers,2024,Jan,Dadra and Nagar Haveli and Daman and Diu,273148,Number
EPFO,Net number of subscribers,2024,Jan,Maharashtra,239931,Number
EPFO,Net number of subscribers,2024,Jan,Andhra Pradesh,431913,Number
EPFO,Net number of subscribers,2024,Jan,Karnataka,321230,Number
EPFO,Net number of subscribers,2024,Jan,Goa,211996,Number
EPFO,Net number of subscribers,2024,Jan,Lakshadweep,196468,Number
EPFO,Net number of subscribers,2024,Jan,Kerala,356324,Number
EPFO,Net number of subscribers,2024,Jan,Tamil Nadu,264385,Number
EPFO,Net number of subscribers,2024,Jan,Puducherry,267230,Number
EPFO,Net number of subscribers,2024,Jan,Andaman and Nicobar Islands,211339,Number
EPFO,Net number of subscribers,2024,Jan,Telangana,284312,Number
EPFO,Net number of subscribers,2024,Jan,Ladakh,250447,Number
EPFO,Net number of subscribers,2024,Feb,India,11942239,Number
EPFO,Net number of subscribers,2024,Feb,Jammu and Kashmir,273895,Number
EPFO,Net number of subscribers,2024,Feb,Himachal Pradesh,347931,Number
EPFO,Net number of subscribers,2024,Feb,Punjab,299683,Number
EPFO,Net number of subscribers,2024,Feb,Chandigarh,307251,Number
EPFO,Net number of subscribers,2024,Feb,Uttarakhand,370346,Number
EPFO,Net number of subscribers,2024,Feb,Haryana,382148,Number
EPFO,Net number of subscribers,2024,Feb,Delhi,203784,Number
EPFO,Net number of subscribers,2024,Feb,Rajasthan,224225,Number
EPFO,Net number of subscribers,2024,Feb,Uttar Pradesh,251365,Number
EPFO,Net number of subscribers,2024,Feb,Bihar,209411,Number
EPFO,Net number of subscribers,2024,Feb,Sikkim,388848,Number
EPFO,Net number of subscribers,2024,Feb,Arunachal Pradesh,429680,Number
EPFO,Net number of subscribers,2024,Feb,Nagaland,272600,Number
EPFO,Net number of subscribers,2024,Feb,Manipur,387185,Number
EPFO,Net number of subscribers,2024,Feb,Mizoram,444262,Number
EPFO,Net number of subscribers,2024,Feb,Tripura,264767,Number
EPFO,Net number of subscribers,2024,Feb,Meghalaya,263079,Number
EPFO,Net number of subscribers,2024,Feb,Assam,393741,Number
EPFO,Net number of subscribers,2024,Feb,West Bengal,188766,Number
EPFO,Net number of subscribers,2024,Feb,Jharkhand,298007,Number
EPFO,Net number of subscribers,2024,Feb,Odisha,191615,Number
EPFO,Net number of subscribers,2024,Feb,Chhattisgarh,169009,Number
EPFO,Net number of subscribers,2024,Feb,Madhya Pradesh,224870,Number
EPFO,Net number of subscribers,2024,Feb,Gujarat,238517,Number
EPFO,Net number of subscribers,2024,Feb,Dadra and Nagar Haveli and Daman and Diu,268070,Number
EPFO,Net number of subscribers,2024,Feb,Maharashtra,236767,Number
EPFO,Net number of subscribers,2024,Feb,Andhra Pradesh,433579,Number
EPFO,Net number of subscribers,2024,Feb,Karnataka,323314,Number
EPFO,Net number of subscribers,2024,Feb,Goa,204320,Number
EPFO,Net number of subscribers,2024,Feb,Lakshadweep,203936,Number
EPFO,Net number of subscribers,2024,Feb,Kerala,358885,Number
EPFO,Net number of subscribers,2024,Feb,Tamil Nadu,248421,Number
EPFO,Net number of subscribers,2024,Feb,Puducherry,285290,Number
EPFO,Net number of subscribers,2024,Feb,Andaman and Nicobar Islands,213284,Number
EPFO,Net number of subscribers,2024,Feb,Telangana,282532,Number
EPFO,Net number of subscribers,2024,Feb,Ladakh,252869,Number
EPFO,Net number of subscribers,2024,Mar,India,12005676,Number
EPFO,Net number of subscribers,2024,Mar,Jammu and Kashmir,289567,Number
EPFO,Net number of subscribers,2024,Mar,Himachal Pradesh,358806,Number
EPFO,Net number of subscribers,2024,Mar,Punjab,283206,Number
EPFO,Net number of subscribers,2024,Mar,Chandigarh,304843,Number
EPFO,Net number of subscribers,2024,Mar,Uttarakhand,350932,Number
EPFO,Net number of subscribers,2024,Mar,Haryana,387273,Number
EPFO,Net number of subscribers,2024,Mar,Delhi,214499,Number
EPFO,Net number of subscribers,2024,Mar,Rajasthan,216450,Number
EPFO,Net number of subscribers,2024,Mar,Uttar Pradesh,253073,Number
EPFO,Net number of subscribers,2024,Mar,Bihar,211984,Number
EPFO,Net number of subscribers,2024,Mar,Sikkim,372384,Number
EPFO,Net number of subscribers,2024,Mar,Arunachal Pradesh,435307,Number
EPFO,Net number of subscribers,2024,Mar,Nagaland,261693,Number
EPFO,Net number of subscribers,2024,Mar,Manipur,391251,Number
EPFO,Net number of subscribers,2024,Mar,Mizoram,427946,Number
EPFO,Net number of subscribers,2024,Mar,Tripura,264129,Number
EPFO,Net number of subscribers,2024,Mar,Meghalaya,279360,Number
EPFO,Net number of subscribers,2024,Mar,Assam,373146,Number
EPFO,Net number of subscribers,2024,Mar,West Bengal,185343,Number
EPFO,Net number of subscribers,2024,Mar,Jharkhand,293175,Number
EPFO,Net number of subscribers,2024,Mar,Odisha,196750,Number
EPFO,Net number of subscribers,2024,Mar,Chhattisgarh,179870,Number
EPFO,Net number of subscribers,2024,Mar,Madhya Pradesh,225321,Number
EPFO,Net number of subscribers,2024,Mar,Gujarat,231000,Number
EPFO,Net number of subscribers,2024,Mar,Dadra and Nagar Haveli and Daman and Diu,287614,Number
EPFO,Net number of subscribers,2024,Mar,Maharashtra,237749,Number
EPFO,Net number of subscribers,2024,Mar,Andhra Pradesh,420581,Number
EPFO,Net number of subscribers,2024,Mar,Karnataka,337669,Number
EPFO,Net number of subscribers,2024,Mar,Goa,216652,Number
EPFO,Net number of subscribers,2024,Mar,Lakshadweep,196760,Number
EPFO,Net number of subscribers,2024,Mar,Kerala,384896,Number
EPFO,Net number of subscribers,2024,Mar,Tamil Nadu,264022,Number
EPFO,Net number of subscribers,2024,Mar,Puducherry,280582,Number
EPFO,Net number of subscribers,2024,Mar,Andaman and Nicobar Islands,220665,Number
EPFO,Net number of subscribers,2024,Mar,Telangana,302611,Number
EPFO,Net number of subscribers,2024,Mar,Ladakh,238159,Number
EPFO,Net number of subscribers,2024,Apr,India,11883613,Number
EPFO,Net number of subscribers,2024,Apr,Jammu and Kashmir,273480,Number
EPFO,Net number of subscribers,2024,Apr,Himachal Pradesh,350786,Number
EPFO,Net number of subscribers,2024,Apr,Punjab,302571,Number
EPFO,Net number of subscribers,2024,Apr,Chandigarh,316560,Number
EPFO,Net number of subscribers,2024,Apr,Uttarakhand,355059,Number
EPFO,Net number of subscribers,2024,Apr,Haryana,387542,Number
EPFO,Net number of subscribers,2024,Apr,Delhi,216671,Number
EPFO,Net number of subscribers,2024,Apr,Rajasthan,217359,Number
EPFO,Net number of subscribers,2024,Apr,Uttar Pradesh,248469,Number
EPFO,Net number of subscribers,2024,Apr,Bihar,210023,Number
EPFO,Net number of subscribers,2024,Apr,Sikkim,393474,Number
EPFO,Net number of subscribers,2024,Apr,Arunachal Pradesh,423379,Number
EPFO,Net number of subscribers,2024,Apr,Nagaland,270654,Number
EPFO,Net number of subscribers,2024,Apr,Manipur,399688,Number
EPFO,Net number of subscribers,2024,Apr,Mizoram,449000,Number
EPFO,Net number of subscribers,2024,Apr,Tripura,266300,Number
EPFO,Net number of subscribers,2024,Apr,Meghalaya,266012,Number
EPFO,Net number of subscribers,2024,Apr,Assam,389527,Number
EPFO,Net number of subscribers,2024,Apr,West Bengal,185563,Number
EPFO,Net number of subscribers,2024,Apr,Jharkhand,289492,Number
EPFO,Net number of subscribers,2024,Apr,Odisha,205809,Number
EPFO,Net number of subscribers,2024,Apr,Chhattisgarh,172605,Number
EPFO,Net number of subscribers,2024,Apr,Madhya Pradesh,226891,Number
EPFO,Net number of subscribers,2024,Apr,Gujarat,239259,Number
EPFO,Net number of subscribers,2024,Apr,Dadra and Nagar Haveli and Daman and Diu,273343,Number
EPFO,Net number of subscribers,2024,Apr,Maharashtra,243462,Number
EPFO,Net number of subscribers,2024,Apr,Andhra Pradesh,449468,Number
EPFO,Net number of subscribers,2024,Apr,Karnataka,340971,Number
EPFO,Net number of subscribers,2024,Apr,Goa,215104,Number
EPFO,Net number of subscribers,2024,Apr,Lakshadweep,205765,Number
EPFO,Net number of subscribers,2024,Apr,Kerala,376019,Number
EPFO,Net number of subscribers,2024,Apr,Tamil Nadu,256350,Number
EPFO,Net number of subscribers,2024,Apr,Puducherry,280957,Number
EPFO,Net number of subscribers,2024,Apr,Andaman and Nicobar Islands,222731,Number
EPFO,Net number of subscribers,2024,Apr,Telangana,289040,Number
EPFO,Net number of subscribers,2024,Apr,Ladakh,246932,Number
EPFO,Net number of subscribers,2024,May,India,12007142,Number
EPFO,Net number of subscribers,2024,May,Jammu and Kashmir,292760,Number
EPFO,Net number of subscribers,2024,May,Himachal Pradesh,358479,Number
EPFO,Net number of subscribers,2024,May,Punjab,288352,Number
EPFO,Net number of subscribers,2024,May,Chandigarh,328102,Number
EPFO,Net number of subscribers,2024,May,Uttarakhand,354922,Number
EPFO,Net number of subscribers,2024,May,Haryana,394774,Number
EPFO,Net number of subscribers,2024,May,Delhi,206400,Number
EPFO,Net number of subscribers,2024,May,Rajasthan,222929,Number
EPFO,Net number of subscribers,2024,May,Uttar Pradesh,240761,Number
EPFO,Net number of subscribers,2024,May,Bihar,206716,Number
EPFO,Net number of subscribers,2024,May,Sikkim,376989,Number
EPFO,Net number of subscribers,2024,May,Arunachal Pradesh,416986,Number
EPFO,Net number of subscribers,2024,May,Nagaland,282074,Number
EPFO,Net number of subscribers,2024,May,Manipur,392091,Number
EPFO,Net number of subscribers,2024,May,Mizoram,448825,Number
EPFO,Net number of subscribers,2024,May,Tripura,258321,Number
EPFO,Net number of subscribers,2024,May,Meghalaya,266466,Number
EPFO,Net number of subscribers,2024,May,Assam,392672,Number
EPFO,Net number of subscribers,2024,May,West Bengal,187988,Number
EPFO,Net number of subscribers,2024,May,Jharkhand,284763,Number
EPFO,Net number of subscribers,2024,May,Odisha,206817,Number
EPFO,Net number of subscribers,2024,May,Chhattisgarh,183670,Number
EPFO,Net number of subscribers,2024,May,Madhya Pradesh,237730,Number
EPFO,Net number of subscribers,2024,May,Gujarat,244891,Number
EPFO,Net number of subscribers,2024,May,Dadra and Nagar Haveli and Daman and Diu,287550,Number
EPFO,Net number of subscribers,2024,May,Maharashtra,242783,Number
EPFO,Net number of subscribers,2024,May,Andhra Pradesh,440013,Number
EPFO,Net number of subscribers,2024,May,Karnataka,342207,Number
EPFO,Net number of subscribers,2024,May,Goa,205960,Number
EPFO,Net number of subscribers,2024,May,Lakshadweep,203770,Number
EPFO,Net number of subscribers,2024,May,Kerala,390632,Number
EPFO,Net number of subscribers,2024,May,Tamil Nadu,261189,Number
EPFO,Net number of subscribers,2024,May,Puducherry,276004,Number
EPFO,Net number of subscribers,2024,May,Andaman and Nicobar Islands,228883,Number
EPFO,Net number of subscribers,2024,May,Telangana,298691,Number
EPFO,Net number of subscribers,2024,May,Ladakh,242427,Number
EPFO,Net number of subscribers,2024,Jun,India,11914374,Number
EPFO,Net number of subscribers,2024,Jun,Jammu and Kashmir,279322,Number
EPFO,Net number of subscribers,2024,Jun,Himachal Pradesh,383044,Number
EPFO,Net number of subscribers,2024,Jun,Punjab,292464,Number
EPFO,Net number of subscribers,2024,Jun,Chandigarh,319187,Number
EPFO,Net number of subscribers,2024,Jun,Uttarakhand,379724,Number
EPFO,Net number of subscribers,2024,Jun,Haryana,404972,Number
EPFO,Net number of subscribers,2024,Jun,Delhi,220558,Number
EPFO,Net number of subscribers,2024,Jun,Rajasthan,219725,Number
EPFO,Net number of subscribers,2024,Jun,Uttar Pradesh,240757,Number
EPFO,Net number of subscribers,2024,Jun,Bihar,208378,Number
EPFO,Net number of subscribers,2024,Jun,Sikkim,387254,Number
EPFO,Net number of subscribers,2024,Jun,Arunachal Pradesh,426207,Number
EPFO,Net number of subscribers,2024,Jun,Nagaland,279337,Number
EPFO,Net number of subscribers,2024,Jun,Manipur,418615,Number
EPFO,Net number of subscribers,2024,Jun,Mizoram,441999,Number
EPFO,Net number of subscribers,2024,Jun,Tripura,268505,Number
EPFO,Net number of subscribers,2024,Jun,Meghalaya,282364,Number
EPFO,Net number of subscribers,2024,Jun,Assam,378134,Number
EPFO,Net number of subscribers,2024,Jun,West Bengal,196661,Number
EPFO,Net number of subscribers,2024,Jun,Jharkhand,297212,Number
EPFO,Net number of subscribers,2024,Jun,Odisha,197910,Number
EPFO,Net number of subscribers,2024,Jun,Chhattisgarh,182473,Number
EPFO,Net number of subscribers,2024,Jun,Madhya Pradesh,230947,Number
EPFO,Net number of subscribers,2024,Jun,Gujarat,238513,Number
EPFO,Net number of subscribers,2024,Jun,Dadra and Nagar Haveli and Daman and Diu,296252,Number
EPFO,Net number of subscribers,2024,Jun,Maharashtra,236494,Number
EPFO,Net number of subscribers,2024,Jun,Andhra Pradesh,451483,Number
EPFO,Net number of subscribers,2024,Jun,Karnataka,340005,Number
EPFO,Net number of subscribers,2024,Jun,Goa,205643,Number
EPFO,Net number of subscribers,2024,Jun,Lakshadweep,208922,Number
EPFO,Net number of subscribers,2024,Jun,Kerala,391044,Number
EPFO,Net number of subscribers,2024,Jun,Tamil Nadu,257822,Number
EPFO,Net number of subscribers,2024,Jun,Puducherry,289558,Number
EPFO,Net number of subscribers,2024,Jun,Andaman and Nicobar Islands,223878,Number
EPFO,Net number of subscribers,2024,Jun,Telangana,303314,Number
EPFO,Net number of subscribers,2024,Jun,Ladakh,259760,Number
EPFO,Net number of subscribers,2024,Jul,India,11587471,Number
EPFO,Net number of subscribers,2024,Jul,Jammu and Kashmir,281014,Number
EPFO,Net number of subscribers,2024,Jul,Himachal Pradesh,376690,Number
EPFO,Net number of subscribers,2024,Jul,Punjab,302606,Number
EPFO,Net number of subscribers,2024,Jul,Chandigarh,315025,Number
EPFO,Net number of subscribers,2024,Jul,Uttarakhand,364412,Number
EPFO,Net number of subscribers,2024,Jul,Haryana,395591,Number
EPFO,Net number of subscribers,2024,Jul,Delhi,218684,Number
EPFO,Net number of subscribers,2024,Jul,Rajasthan,232431,Number
EPFO,Net number of subscribers,2024,Jul,Uttar Pradesh,254290,Number
EPFO,Net number of subscribers,2024,Jul,Bihar,219706,Number
EPFO,Net number of subscribers,2024,Jul,Sikkim,388691,Number
EPFO,Net number of subscribers,2024,Jul,Arunachal Pradesh,448061,Number
EPFO,Net number of subscribers,2024,Jul,Nagaland,281508,Number
EPFO,Net number of subscribers,2024,Jul,Manipur,405231,Number
EPFO,Net number of subscribers,2024,Jul,Mizoram,433733,Number
EPFO,Net number of subscribers,2024,Jul,Tripura,253658,Number
EPFO,Net number of subscribers,2024,Jul,Meghalaya,273027,Number
EPFO,Net number of subscribers,2024,Jul,Assam,388013,Number
EPFO,Net number of subscribers,2024,Jul,West Bengal,189426,Number
EPFO,Net number of subscribers,2024,Jul,Jharkhand,301435,Number
EPFO,Net number of subscribers,2024,Jul,Odisha,197594,Number
EPFO,Net number of subscribers,2024,Jul,Chhattisgarh,179434,Number
EPFO,Net number of subscribers,2024,Jul,Madhya Pradesh,240373,Number
EPFO,Net number of subscribers,2024,Jul,Gujarat,242368,Number
EPFO,Net number of subscribers,2024,Jul,Dadra and Nagar Haveli and Daman and Diu,296573,Number
EPFO,Net number of subscribers,2024,Jul,Maharashtra,230655,Number
EPFO,Net number of subscribers,2024,Jul,Andhra Pradesh,449650,Number
EPFO,Net number of subscribers,2024,Jul,Karnataka,337569,Number
EPFO,Net number of subscribers,2024,Jul,Goa,211706,Number
EPFO,Net number of subscribers,2024,Jul,Lakshadweep,202781,Number
EPFO,Net number of subscribers,2024,Jul,Kerala,382932,Number
EPFO,Net number of subscribers,2024,Jul,Tamil Nadu,254263,Number
EPFO,Net number of subscribers,2024,Jul,Puducherry,276815,Number
EPFO,Net number of subscribers,2024,Jul,Andaman and Nicobar Islands,233908,Number
EPFO,Net number of subscribers,2024,Jul,Telangana,299276,Number
EPFO,Net number of subscribers,2024,Jul,Ladakh,244036,Number
EPFO,Net number of subscribers,2024,Aug,India,11608487,Number
EPFO,Net number of subscribers,2024,Aug,Jammu and Kashmir,289514,Number
EPFO,Net number of subscribers,2024,Aug,Himachal Pradesh,381375,Number
EPFO,Net number of subscribers,2024,Aug,Punjab,304197,Number
EPFO,Net number of subscribers,2024,Aug,Chandigarh,313030,Number
EPFO,Net number of subscribers,2024,Aug,Uttarakhand,387382,Number
EPFO,Net number of subscribers,2024,Aug,Haryana,388216,Number
EPFO,Net number of subscribers,2024,Aug,Delhi,208660,Number
EPFO,Net number of subscribers,2024,Aug,Rajasthan,221129,Number
EPFO,Net number of subscribers,2024,Aug,Uttar Pradesh,262516,Number
EPFO,Net number of subscribers,2024,Aug,Bihar,209853,Number
EPFO,Net number of subscribers,2024,Aug,Sikkim,393006,Number
EPFO,Net number of subscribers,2024,Aug,Arunachal Pradesh,420666,Number
EPFO,Net number of subscribers,2024,Aug,Nagaland,275954,Number
EPFO,Net number of subscribers,2024,Aug,Manipur,392933,Number
EPFO,Net number of subscribers,2024,Aug,Mizoram,457422,Number
EPFO,Net number of subscribers,2024,Aug,Tripura,274901,Number
EPFO,Net number of subscribers,2024,Aug,Meghalaya,274577,Number
EPFO,Net number of subscribers,2024,Aug,Assam,408508,Number
EPFO,Net number of subscribers,2024,Aug,West Bengal,192407,Number
EPFO,Net number of subscribers,2024,Aug,Jharkhand,296239,Number
EPFO,Net number of subscribers,2024,Aug,Odisha,199664,Number
EPFO,Net number of subscribers,2024,Aug,Chhattisgarh,176303,Number
EPFO,Net number of subscribers,2024,Aug,Madhya Pradesh,244309,Number
EPFO,Net number of subscribers,2024,Aug,Gujarat,240494,Number
EPFO,Net number of subscribers,2024,Aug,Dadra and Nagar Haveli and Daman and Diu,286689,Number
EPFO,Net number of subscribers,2024,Aug,Maharashtra,246173,Number
EPFO,Net number of subscribers,2024,Aug,Andhra Pradesh,441762,Number
EPFO,Net number of subscribers,2024,Aug,Karnataka,330358,Number
EPFO,Net number of subscribers,2024,Aug,Goa,216869,Number
EPFO,Net number of subscribers,2024,Aug,Lakshadweep,205528,Number
EPFO,Net number of subscribers,2024,Aug,Kerala,386192,Number
EPFO,Net number of subscribers,2024,Aug,Tamil Nadu,263620,Number
EPFO,Net number of subscribers,2024,Aug,Puducherry,283028,Number
EPFO,Net number of subscribers,2024,Aug,Andaman and Nicobar Islands,232757,Number
EPFO,Net number of subscribers,2024,Aug,Telangana,309732,Number
EPFO,Net number of subscribers,2024,Aug,Ladakh,251492,Number
EPFO,Net number of subscribers,2024,Sep,India,11770271,Number
EPFO,Net number of subscribers,2024,Sep,Jammu and Kashmir,282152,Number
EPFO,Net number of subscribers,2024,Sep,Himachal Pradesh,383642,Number
EPFO,Net number of subscribers,2024,Sep,Punjab,295467,Number
EPFO,Net number of subscribers,2024,Sep,Chandigarh,330904,Number
EPFO,Net number of subscribers,2024,Sep,Uttarakhand,389518,Number
EPFO,Net number of subscribers,2024,Sep,Haryana,385490,Number
EPFO,Net number of subscribers,2024,Sep,Delhi,223945,Number
EPFO,Net number of subscribers,2024,Sep,Rajasthan,220898,Number
EPFO,Net number of subscribers,2024,Sep,Uttar Pradesh,258962,Number
EPFO,Net number of subscribers,2024,Sep,Bihar,214232,Number
EPFO,Net number of subscribers,2024,Sep,Sikkim,414742,Number
EPFO,Net number of subscribers,2024,Sep,Arunachal Pradesh,431468,Number
EPFO,Net number of subscribers,2024,Sep,Nagaland,279943,Number
EPFO,Net number of subscribers,2024,Sep,Manipur,415177,Number
EPFO,Net number of subscribers,2024,Sep,Mizoram,453939,Number
EPFO,Net number of subscribers,2024,Sep,Tripura,262135,Number
EPFO,Net number of subscribers,2024,Sep,Meghalaya,283451,Number
EPFO,Net number of subscribers,2024,Sep,Assam,389427,Number
EPFO,Net number of subscribers,2024,Sep,West Bengal,194930,Number
EPFO,Net number of subscribers,2024,Sep,Jharkhand,313089,Number
EPFO,Net number of subscribers,2024,Sep,Odisha,200563,Number
EPFO,Net number of subscribers,2024,Sep,Chhattisgarh,188194,Number
EPFO,Net number of subscribers,2024,Sep,Madhya Pradesh,246289,Number
EPFO,Net number of subscribers,2024,Sep,Gujarat,233143,Number
EPFO,Net number of subscribers,2024,Sep,Dadra and Nagar Haveli and Daman and Diu,297343,Number
EPFO,Net number of subscribers,2024,Sep,Maharashtra,234828,Number
EPFO,Net number of subscribers,2024,Sep,Andhra Pradesh,460622,Number
EPFO,Net number of subscribers,2024,Sep,Karnataka,330845,Number
EPFO,Net number of subscribers,2024,Sep,Goa,221531,Number
EPFO,Net number of subscribers,2024,Sep,Lakshadweep,207585,Number
EPFO,Net number of subscribers,2024,Sep,Kerala,377575,Number
EPFO,Net number of subscribers,2024,Sep,Tamil Nadu,256947,Number
EPFO,Net number of subscribers,2024,Sep,Puducherry,299752,Number
EPFO,Net number of subscribers,2024,Sep,Andaman and Nicobar Islands,227756,Number
EPFO,Net number of subscribers,2024,Sep,Telangana,304732,Number
EPFO,Net number of subscribers,2024,Sep,Ladakh,253556,Number
EPFO,Net number of subscribers,2024,Oct,India,11823303,Number
EPFO,Net number of subscribers,2024,Oct,Jammu and Kashmir,297246,Number
EPFO,Net number of subscribers,2024,Oct,Himachal Pradesh,384964,Number
EPFO,Net number of subscribers,2024,Oct,Punjab,300777,Number
EPFO,Net number of subscribers,2024,Oct,Chandigarh,333174,Number
EPFO,Net number of subscribers,2024,Oct,Uttarakhand,373802,Number
EPFO,Net number of subscribers,2024,Oct,Haryana,391747,Number
EPFO,Net number of subscribers,2024,Oct,Delhi,223468,Number
EPFO,Net number of subscribers,2024,Oct,Rajasthan,231410,Number
EPFO,Net number of subscribers,2024,Oct,Uttar Pradesh,263178,Number
EPFO,Net number of subscribers,2024,Oct,Bihar,224647,Number
EPFO,Net number of subscribers,2024,Oct,Sikkim,397233,Number
EPFO,Net number of subscribers,2024,Oct,Arunachal Pradesh,448654,Number
EPFO,Net number of subscribers,2024,Oct,Nagaland,271527,Number
EPFO,Net number of subscribers,2024,Oct,Manipur,417986,Number
EPFO,Net number of subscribers,2024,Oct,Mizoram,466144,Number
EPFO,Net number of subscribers,2024,Oct,Tripura,267040,Number
EPFO,Net number of subscribers,2024,Oct,Meghalaya,272183,Number
EPFO,Net number of subscribers,2024,Oct,Assam,413408,Number
EPFO,Net number of subscribers,2024,Oct,West Bengal,193962,Number
EPFO,Net number of subscribers,2024,Oct,Jharkhand,304663,Number
EPFO,Net number of subscribers,2024,Oct,Odisha,198995,Number
EPFO,Net number of subscribers,2024,Oct,Chhattisgarh,176524,Number
EPFO,Net number of subscribers,2024,Oct,Madhya Pradesh,237935,Number
EPFO,Net number of subscribers,2024,Oct,Gujarat,245921,Number
EPFO,Net number of subscribers,2024,Oct,Dadra and Nagar Haveli and Daman and Diu,290247,Number
EPFO,Net number of subscribers,2024,Oct,Maharashtra,246697,Number
EPFO,Net number of subscribers,2024,Oct,Andhra Pradesh,444627,Number
EPFO,Net number of subscribers,2024,Oct,Karnataka,328081,Number
EPFO,Net number of subscribers,2024,Oct,Goa,215685,Number
EPFO,Net number of subscribers,2024,Oct,Lakshadweep,212449,Number
EPFO,Net number of subscribers,2024,Oct,Kerala,389435,Number
EPFO,Net number of subscribers,2024,Oct,Tamil Nadu,257820,Number
EPFO,Net number of subscribers,2024,Oct,Puducherry,282289,Number
EPFO,Net number of subscribers,2024,Oct,Andaman and Nicobar Islands,224109,Number
EPFO,Net number of subscribers,2024,Oct,Telangana,302736,Number
EPFO,Net number of subscribers,2024,Oct,Ladakh,260760,Number
EPFO,Net number of subscribers,2024,Nov,India,12700548,Number
EPFO,Net number of subscribers,2024,Nov,Jammu and Kashmir,287815,Number
EPFO,Net number of subscribers,2024,Nov,Himachal Pradesh,383112,Number
EPFO,Net number of subscribers,2024,Nov,Punjab,306335,Number
EPFO,Net number of subscribers,2024,Nov,Chandigarh,330887,Number
EPFO,Net number of subscribers,2024,Nov,Uttarakhand,374721,Number
EPFO,Net number of subscribers,2024,Nov,Haryana,419342,Number
EPFO,Net number of subscribers,2024,Nov,Delhi,227473,Number
EPFO,Net number of subscribers,2024,Nov,Rajasthan,230331,Number
EPFO,Net number of subscribers,2024,Nov,Uttar Pradesh,248337,Number
EPFO,Net number of subscribers,2024,Nov,Bihar,226963,Number
EPFO,Net number of subscribers,2024,Nov,Sikkim,411074,Number
EPFO,Net number of subscribers,2024,Nov,Arunachal Pradesh,447158,Number
EPFO,Net number of subscribers,2024,Nov,Nagaland,282225,Number
EPFO,Net number of subscribers,2024,Nov,Manipur,419316,Number
EPFO,Net number of subscribers,2024,Nov,Mizoram,460139,Number
EPFO,Net number of subscribers,2024,Nov,Tripura,275162,Number
EPFO,Net number of subscribers,2024,Nov,Meghalaya,271956,Number
EPFO,Net number of subscribers,2024,Nov,Assam,388916,Number
EPFO,Net number of subscribers,2024,Nov,West Bengal,191185,Number
EPFO,Net number of subscribers,2024,Nov,Jharkhand,315399,Number
EPFO,Net number of subscribers,2024,Nov,Odisha,202236,Number
EPFO,Net number of subscribers,2024,Nov,Chhattisgarh,185398,Number
EPFO,Net number of subscribers,2024,Nov,Madhya Pradesh,238029,Number
EPFO,Net number of subscribers,2024,Nov,Gujarat,244457,Number
EPFO,Net number of subscribers,2024,Nov,Dadra and Nagar Haveli and Daman and Diu,282080,Number
EPFO,Net number of subscribers,2024,Nov,Maharashtra,243884,Number
EPFO,Net number of subscribers,2024,Nov,Andhra Pradesh,452761,Number
EPFO,Net number of subscribers,2024,Nov,Karnataka,352285,Number
EPFO,Net number of subscribers,2024,Nov,Goa,218928,Number
EPFO,Net number of subscribers,2024,Nov,Lakshadweep,215893,Number
EPFO,Net number of subscribers,2024,Nov,Kerala,403025,Number
EPFO,Net number of subscribers,2024,Nov,Tamil Nadu,269764,Number
EPFO,Net number of subscribers,2024,Nov,Puducherry,294572,Number
EPFO,Net number of subscribers,2024,Nov,Andaman and Nicobar Islands,233839,Number
EPFO,Net number of subscribers,2024,Nov,Telangana,295570,Number
EPFO,Net number of subscribers,2024,Nov,Ladakh,258593,Number
EPFO,Net number of subscribers,2024,Dec,India,12292382,Number
EPFO,Net number of subscribers,2024,Dec,Jammu and Kashmir,306808,Number
EPFO,Net number of subscribers,2024,Dec,Himachal Pradesh,370764,Number
EPFO,Net number of subscribers,2024,Dec,Punjab,304929,Number
EPFO,Net number of subscribers,2024,Dec,Chandigarh,326354,Number
EPFO,Net number of subscribers,2024,Dec,Uttarakhand,387911,Number
EPFO,Net number of subscribers,2024,Dec,Haryana,404159,Number
EPFO,Net number of subscribers,2024,Dec,Delhi,213342,Number
EPFO,Net number of subscribers,2024,Dec,Rajasthan,226500,Number
EPFO,Net number of subscribers,2024,Dec,Uttar Pradesh,266305,Number
EPFO,Net number of subscribers,2024,Dec,Bihar,214591,Number
EPFO,Net number of subscribers,2024,Dec,Sikkim,399639,Number
EPFO,Net number of subscribers,2024,Dec,Arunachal Pradesh,453591,Number
EPFO,Net number of subscribers,2024,Dec,Nagaland,292288,Number
EPFO,Net number of subscribers,2024,Dec,Manipur,402844,Number
EPFO,Net number of subscribers,2024,Dec,Mizoram,466808,Number
EPFO,Net number of subscribers,2024,Dec,Tripura,260912,Number
EPFO,Net number of subscribers,2024,Dec,Meghalaya,289629,Number
EPFO,Net number of subscribers,2024,Dec,Assam,421178,Number
EPFO,Net number of subscribers,2024,Dec,West Bengal,192403,Number
EPFO,Net number of subscribers,2024,Dec,Jharkhand,319772,Number
EPFO,Net number of subscribers,2024,Dec,Odisha,204770,Number
EPFO,Net number of subscribers,2024,Dec,Chhattisgarh,177806,Number
EPFO,Net number of subscribers,2024,Dec,Madhya Pradesh,244756,Number
EPFO,Net number of subscribers,2024,Dec,Gujarat,241645,Number
EPFO,Net number of subscribers,2024,Dec,Dadra and Nagar Haveli and Daman and Diu,293540,Number
EPFO,Net number of subscribers,2024,Dec,Maharashtra,248405,Number
EPFO,Net number of subscribers,2024,Dec,Andhra Pradesh,459743,Number
EPFO,Net number of subscribers,2024,Dec,Karnataka,333827,Number
EPFO,Net number of subscribers,2024,Dec,Goa,215728,Number
EPFO,Net number of subscribers,2024,Dec,Lakshadweep,212584,Number
EPFO,Net number of subscribers,2024,Dec,Kerala,399608,Number
EPFO,Net number of subscribers,2024,Dec,Tamil Nadu,278647,Number
EPFO,Net number of subscribers,2024,Dec,Puducherry,295478,Number
EPFO,Net number of subscribers,2024,Dec,Andaman and Nicobar Islands,231370,Number
EPFO,Net number of subscribers,2024,Dec,Telangana,309028,Number
EPFO,Net number of subscribers,2024,Dec,Ladakh,259063,Number
EPFO,Net number of subscribers,2025,Jan,India,12722085,Number
EPFO,Net number of subscribers,2025,Jan,Jammu and Kashmir,297198,Number
EPFO,Net number of subscribers,2025,Jan,Himachal Pradesh,382373,Number
EPFO,Net number of subscribers,2025,Jan,Punjab,311796,Number
EPFO,Net number of subscribers,2025,Jan,Chandigarh,344247,Number
EPFO,Net number of subscribers,2025,Jan,Uttarakhand,398491,Number
EPFO,Net number of subscribers,2025,Jan,Haryana,407684,Number
EPFO,Net number of subscribers,2025,Jan,Delhi,230524,Number
EPFO,Net number of subscribers,2025,Jan,Rajasthan,236651,Number
EPFO,Net number of subscribers,2025,Jan,Uttar Pradesh,255809,Number
EPFO,Net number of subscribers,2025,Jan,Bihar,223260,Number
EPFO,Net number of subscribers,2025,Jan,Sikkim,424501,Number
EPFO,Net number of subscribers,2025,Jan,Arunachal Pradesh,438197,Number
EPFO,Net number of subscribers,2025,Jan,Nagaland,281195,Number
EPFO,Net number of subscribers,2025,Jan,Manipur,425659,Number
EPFO,Net number of subscribers,2025,Jan,Mizoram,449675,Number
EPFO,Net number of subscribers,2025,Jan,Tripura,270245,Number
EPFO,Net number of subscribers,2025,Jan,Meghalaya,296608,Number
EPFO,Net number of subscribers,2025,Jan,Assam,428599,Number
EPFO,Net number of subscribers,2025,Jan,West Bengal,206257,Number
EPFO,Net number of subscribers,2025,Jan,Jharkhand,302070,Number
EPFO,Net number of subscribers,2025,Jan,Odisha,213611,Number
EPFO,Net number of subscribers,2025,Jan,Chhattisgarh,184534,Number
EPFO,Net number of subscribers,2025,Jan,Madhya Pradesh,244356,Number
EPFO,Net number of subscribers,2025,Jan,Gujarat,259566,Number
EPFO,Net number of subscribers,2025,Jan,Dadra and Nagar Haveli and Daman and Diu,313625,Number
EPFO,Net number of subscribers,2025,Jan,Maharashtra,261132,Number
EPFO,Net number of subscribers,2025,Jan,Andhra Pradesh,475694,Number
EPFO,Net number of subscribers,2025,Jan,Karnataka,342409,Number
EPFO,Net number of subscribers,2025,Jan,Goa,230094,Number
EPFO,Net number of subscribers,2025,Jan,Lakshadweep,215306,Number
EPFO,Net number of subscribers,2025,Jan,Kerala,386588,Number
EPFO,Net number of subscribers,2025,Jan,Tamil Nadu,277385,Number
EPFO,Net number of subscribers,2025,Jan,Puducherry,296363,Number
EPFO,Net number of subscribers,2025,Jan,Andaman and Nicobar Islands,247640,Number
EPFO,Net number of subscribers,2025,Jan,Telangana,325078,Number
EPFO,Net number of subscribers,2025,Jan,Ladakh,263618,Number
EPFO,Net number of subscribers,2025,Feb,India,13115985,Number
EPFO,Net number of subscribers,2025,Feb,Jammu and Kashmir,306641,Number
EPFO,Net number of subscribers,2025,Feb,Himachal Pradesh,382522,Number
EPFO,Net number of subscribers,2025,Feb,Punjab,305639,Number
EPFO,Net number of subscribers,2025,Feb,Chandigarh,348258,Number
EPFO,Net number of subscribers,2025,Feb,Uttarakhand,387581,Number
EPFO,Net number of subscribers,2025,Feb,Haryana,401880,Number
EPFO,Net number of subscribers,2025,Feb,Delhi,229021,Number
EPFO,Net number of subscribers,2025,Feb,Rajasthan,238535,Number
EPFO,Net number of subscribers,2025,Feb,Uttar Pradesh,264500,Number
EPFO,Net number of subscribers,2025,Feb,Bihar,220544,Number
EPFO,Net number of subscribers,2025,Feb,Sikkim,429913,Number
EPFO,Net number of subscribers,2025,Feb,Arunachal Pradesh,449255,Number
EPFO,Net number of subscribers,2025,Feb,Nagaland,300345,Number
EPFO,Net number of subscribers,2025,Feb,Manipur,440663,Number
EPFO,Net number of subscribers,2025,Feb,Mizoram,467014,Number
EPFO,Net number of subscribers,2025,Feb,Tripura,270190,Number
EPFO,Net number of subscribers,2025,Feb,Meghalaya,291288,Number
EPFO,Net number of subscribers,2025,Feb,Assam,432490,Number
EPFO,Net number of subscribers,2025,Feb,West Bengal,207283,Number
EPFO,Net number of subscribers,2025,Feb,Jharkhand,315246,Number
EPFO,Net number of subscribers,2025,Feb,Odisha,217317,Number
EPFO,Net number of subscribers,2025,Feb,Chhattisgarh,187188,Number
EPFO,Net number of subscribers,2025,Feb,Madhya Pradesh,243172,Number
EPFO,Net number of subscribers,2025,Feb,Gujarat,245695,Number
EPFO,Net number of subscribers,2025,Feb,Dadra and Nagar Haveli and Daman and Diu,308014,Number
EPFO,Net number of subscribers,2025,Feb,Maharashtra,258656,Number
EPFO,Net number of subscribers,2025,Feb,Andhra Pradesh,451663,Number
EPFO,Net number of subscribers,2025,Feb,Karnataka,350544,Number
EPFO,Net number of subscribers,2025,Feb,Goa,230709,Number
EPFO,Net number of subscribers,2025,Feb,Lakshadweep,210099,Number
EPFO,Net number of subscribers,2025,Feb,Kerala,394261,Number
EPFO,Net number of subscribers,2025,Feb,Tamil Nadu,270635,Number
EPFO,Net number of subscribers,2025,Feb,Puducherry,305503,Number
EPFO,Net number of subscribers,2025,Feb,Andaman and Nicobar Islands,244474,Number
EPFO,Net number of subscribers,2025,Feb,Telangana,316376,Number
EPFO,Net number of subscribers,2025,Feb,Ladakh,269051,Number
EPFO,Net number of subscribers,2025,Mar,India,12368561,Number
EPFO,Net number of subscribers,2025,Mar,Jammu and Kashmir,305518,Number
EPFO,Net number of subscribers,2025,Mar,Himachal Pradesh,409245,Number
EPFO,Net number of subscribers,2025,Mar,Punjab,312553,Number
EPFO,Net number of subscribers,2025,Mar,Chandigarh,334086,Number
EPFO,Net number of subscribers,2025,Mar,Uttarakhand,403447,Number
EPFO,Net number of subscribers,2025,Mar,Haryana,416039,Number
EPFO,Net number of subscribers,2025,Mar,Delhi,226212,Number
EPFO,Net number of subscribers,2025,Mar,Rajasthan,244798,Number
EPFO,Net number of subscribers,2025,Mar,Uttar Pradesh,258315,Number
EPFO,Net number of subscribers,2025,Mar,Bihar,223276,Number
EPFO,Net number of subscribers,2025,Mar,Sikkim,414654,Number
EPFO,Net number of subscribers,2025,Mar,Arunachal Pradesh,442998,Number
EPFO,Net number of subscribers,2025,Mar,Nagaland,290507,Number
EPFO,Net number of subscribers,2025,Mar,Manipur,444228,Number
EPFO,Net number of subscribers,2025,Mar,Mizoram,458651,Number
EPFO,Net number of subscribers,2025,Mar,Tripura,277383,Number
EPFO,Net number of subscribers,2025,Mar,Meghalaya,303503,Number
EPFO,Net number of subscribers,2025,Mar,Assam,409202,Number
EPFO,Net number of subscribers,2025,Mar,West Bengal,207540,Number
EPFO,Net number of subscribers,2025,Mar,Jharkhand,318684,Number
EPFO,Net number of subscribers,2025,Mar,Odisha,223131,Number
EPFO,Net number of subscribers,2025,Mar,Chhattisgarh,185659,Number
EPFO,Net number of subscribers,2025,Mar,Madhya Pradesh,253646,Number
EPFO,Net number of subscribers,2025,Mar,Gujarat,252948,Number
EPFO,Net number of subscribers,2025,Mar,Dadra and Nagar Haveli and Daman and Diu,306589,Number
EPFO,Net number of subscribers,2025,Mar,Maharashtra,253951,Number
EPFO,Net number of subscribers,2025,Mar,Andhra Pradesh,475230,Number
EPFO,Net number of subscribers,2025,Mar,Karnataka,367126,Number
EPFO,Net number of subscribers,2025,Mar,Goa,223414,Number
EPFO,Net number of subscribers,2025,Mar,Lakshadweep,216531,Number
EPFO,Net number of subscribers,2025,Mar,Kerala,420537,Number
EPFO,Net number of subscribers,2025,Mar,Tamil Nadu,287021,Number
EPFO,Net number of subscribers,2025,Mar,Puducherry,294237,Number
EPFO,Net number of subscribers,2025,Mar,Andaman and Nicobar Islands,248306,Number
EPFO,Net number of subscribers,2025,Mar,Telangana,308584,Number
EPFO,Net number of subscribers,2025,Mar,Ladakh,275142,Number
EPFO,Net number of subscribers,2025,Apr,India,13009587,Number
EPFO,Net number of subscribers,2025,Apr,Jammu and Kashmir,297426,Number
EPFO,Net number of subscribers,2025,Apr,Himachal Pradesh,385364,Number
EPFO,Net number of subscribers,2025,Apr,Punjab,315043,Number
EPFO,Net number of subscribers,2025,Apr,Chandigarh,350943,Number
EPFO,Net number of subscribers,2025,Apr,Uttarakhand,390861,Number
EPFO,Net number of subscribers,2025,Apr,Haryana,413005,Number
EPFO,Net number of subscribers,2025,Apr,Delhi,224539,Number
EPFO,Net number of subscribers,2025,Apr,Rajasthan,240417,Number
EPFO,Net number of subscribers,2025,Apr,Uttar Pradesh,278116,Number
EPFO,Net number of subscribers,2025,Apr,Bihar,231918,Number
EPFO,Net number of subscribers,2025,Apr,Sikkim,437401,Number
EPFO,Net number of subscribers,2025,Apr,Arunachal Pradesh,473535,Number
EPFO,Net number of subscribers,2025,Apr,Nagaland,286586,Number
EPFO,Net number of subscribers,2025,Apr,Manipur,441148,Number
EPFO,Net number of subscribers,2025,Apr,Mizoram,460588,Number
EPFO,Net number of subscribers,2025,Apr,Tripura,287496,Number
EPFO,Net number of subscribers,2025,Apr,Meghalaya,301409,Number
EPFO,Net number of subscribers,2025,Apr,Assam,424444,Number
EPFO,Net number of subscribers,2025,Apr,West Bengal,210817,Number
EPFO,Net number of subscribers,2025,Apr,Jharkhand,313845,Number
EPFO,Net number of subscribers,2025,Apr,Odisha,219060,Number
EPFO,Net number of subscribers,2025,Apr,Chhattisgarh,198412,Number
EPFO,Net number of subscribers,2025,Apr,Madhya Pradesh,254320,Number
EPFO,Net number of subscribers,2025,Apr,Gujarat,250167,Number
EPFO,Net number of subscribers,2025,Apr,Dadra and Nagar Haveli and Daman and Diu,310948,Number
EPFO,Net number of subscribers,2025,Apr,Maharashtra,251122,Number
EPFO,Net number of subscribers,2025,Apr,Andhra Pradesh,487007,Number
EPFO,Net number of subscribers,2025,Apr,Karnataka,365037,Number
EPFO,Net number of subscribers,2025,Apr,Goa,235917,Number
EPFO,Net number of subscribers,2025,Apr,Lakshadweep,225511,Number
EPFO,Net number of subscribers,2025,Apr,Kerala,403785,Number
EPFO,Net number of subscribers,2025,Apr,Tamil Nadu,272984,Number
EPFO,Net number of subscribers,2025,Apr,Puducherry,303126,Number
EPFO,Net number of subscribers,2025,Apr,Andaman and Nicobar Islands,250691,Number
EPFO,Net number of subscribers,2025,Apr,Telangana,328105,Number
EPFO,Net number of subscribers,2025,Apr,Ladakh,271488,Number
EPFO,Net number of subscribers,2025,May,India,12518642,Number
EPFO,Net number of subscribers,2025,May,Jammu and Kashmir,311485,Number
EPFO,Net number of subscribers,2025,May,Himachal Pradesh,389810,Number
EPFO,Net number of subscribers,2025,May,Punjab,325188,Number
EPFO,Net number of subscribers,2025,May,Chandigarh,355736,Number
EPFO,Net number of subscribers,2025,May,Uttarakhand,404476,Number
EPFO,Net number of subscribers,2025,May,Haryana,415199,Number
EPFO,Net number of subscribers,2025,May,Delhi,240372,Number
EPFO,Net number of subscribers,2025,May,Rajasthan,235673,Number
EPFO,Net number of subscribers,2025,May,Uttar Pradesh,277937,Number
EPFO,Net number of subscribers,2025,May,Bihar,229074,Number
EPFO,Net number of subscribers,2025,May,Sikkim,420541,Number
EPFO,Net number of subscribers,2025,May,Arunachal Pradesh,445611,Number
EPFO,Net number of subscribers,2025,May,Nagaland,306901,Number
EPFO,Net number of subscribers,2025,May,Manipur,424112,Number
EPFO,Net number of subscribers,2025,May,Mizoram,478336,Number
EPFO,Net number of subscribers,2025,May,Tripura,293392,Number
EPFO,Net number of subscribers,2025,May,Meghalaya,285769,Number
EPFO,Net number of subscribers,2025,May,Assam,409619,Number
EPFO,Net number of subscribers,2025,May,West Bengal,198381,Number
EPFO,Net number of subscribers,2025,May,Jharkhand,318219,Number
EPFO,Net number of subscribers,2025,May,Odisha,212462,Number
EPFO,Net number of subscribers,2025,May,Chhattisgarh,189996,Number
EPFO,Net number of subscribers,2025,May,Madhya Pradesh,257809,Number
EPFO,Net number of subscribers,2025,May,Gujarat,249673,Number
EPFO,Net number of subscribers,2025,May,Dadra and Nagar Haveli and Daman and Diu,309221,Number
EPFO,Net number of subscribers,2025,May,Maharashtra,248013,Number
EPFO,Net number of subscribers,2025,May,Andhra Pradesh,486429,Number
EPFO,Net number of subscribers,2025,May,Karnataka,360619,Number
EPFO,Net number of subscribers,2025,May,Goa,223583,Number
EPFO,Net number of subscribers,2025,May,Lakshadweep,218453,Number
EPFO,Net number of subscribers,2025,May,Kerala,426434,Number
EPFO,Net number of subscribers,2025,May,Tamil Nadu,283162,Number
EPFO,Net number of subscribers,2025,May,Puducherry,311837,Number
EPFO,Net number of subscribers,2025,May,Andaman and Nicobar Islands,251431,Number
EPFO,Net number of subscribers,2025,May,Telangana,323382,Number
EPFO,Net number of subscribers,2025,May,Ladakh,270675,Number
EPFO,Net number of subscribers,2025,Jun,India,13434211,Number
EPFO,Net number of subscribers,2025,Jun,Jammu and Kashmir,316519,Number
EPFO,Net number of subscribers,2025,Jun,Himachal Pradesh,412718,Number
EPFO,Net number of subscribers,2025,Jun,Punjab,334413,Number
EPFO,Net number of subscribers,2025,Jun,Chandigarh,358029,Number
EPFO,Net number of subscribers,2025,Jun,Uttarakhand,394307,Number
EPFO,Net number of subscribers,2025,Jun,Haryana,417046,Number
EPFO,Net number of subscribers,2025,Jun,Delhi,232330,Number
EPFO,Net number of subscribers,2025,Jun,Rajasthan,241611,Number
EPFO,Net number of subscribers,2025,Jun,Uttar Pradesh,272737,Number
EPFO,Net number of subscribers,2025,Jun,Bihar,238697,Number
EPFO,Net number of subscribers,2025,Jun,Sikkim,436039,Number
EPFO,Net number of subscribers,2025,Jun,Arunachal Pradesh,475200,Number
EPFO,Net number of subscribers,2025,Jun,Nagaland,302464,Number
EPFO,Net number of subscribers,2025,Jun,Manipur,453386,Number
EPFO,Net number of subscribers,2025,Jun,Mizoram,488485,Number
EPFO,Net number of subscribers,2025,Jun,Tripura,286675,Number
EPFO,Net number of subscribers,2025,Jun,Meghalaya,296811,Number
EPFO,Net number of subscribers,2025,Jun,Assam,427975,Number
EPFO,Net number of subscribers,2025,Jun,West Bengal,214680,Number
EPFO,Net number of subscribers,2025,Jun,Jharkhand,318101,Number
EPFO,Net number of subscribers,2025,Jun,Odisha,218528,Number
EPFO,Net number of subscribers,2025,Jun,Chhattisgarh,191758,Number
EPFO,Net number of subscribers,2025,Jun,Madhya Pradesh,265761,Number
EPFO,Net number of subscribers,2025,Jun,Gujarat,264105,Number
EPFO,Net number of subscribers,2025,Jun,Dadra and Nagar Haveli and Daman and Diu,311606,Number
EPFO,Net number of subscribers,2025,Jun,Maharashtra,260480,Number
EPFO,Net number of subscribers,2025,Jun,Andhra Pradesh,491713,Number
EPFO,Net number of subscribers,2025,Jun,Karnataka,365181,Number
EPFO,Net number of subscribers,2025,Jun,Goa,231156,Number
EPFO,Net number of subscribers,2025,Jun,Lakshadweep,226577,Number
EPFO,Net number of subscribers,2025,Jun,Kerala,426686,Number
EPFO,Net number of subscribers,2025,Jun,Tamil Nadu,294742,Number
EPFO,Net number of subscribers,2025,Jun,Puducherry,315386,Number
EPFO,Net number of subscribers,2025,Jun,Andaman and Nicobar Islands,251218,Number
EPFO,Net number of subscribers,2025,Jun,Telangana,325296,Number
EPFO,Net number of subscribers,2025,Jun,Ladakh,262911,Number
EPFO,Net number of subscribers,2025,Jul,India,12940349,Number
EPFO,Net number of subscribers,2025,Jul,Jammu and Kashmir,308918,Number
EPFO,Net number of subscribers,2025,Jul,Himachal Pradesh,405522,Number
EPFO,Net number of subscribers,2025,Jul,Punjab,320591,Number
EPFO,Net number of subscribers,2025,Jul,Chandigarh,364266,Number
EPFO,Net number of subscribers,2025,Jul,Uttarakhand,400413,Number
EPFO,Net number of subscribers,2025,Jul,Haryana,420535,Number
EPFO,Net number of subscribers,2025,Jul,Delhi,230933,Number
EPFO,Net number of subscribers,2025,Jul,Rajasthan,247264,Number
EPFO,Net number of subscribers,2025,Jul,Uttar Pradesh,264291,Number
EPFO,Net number of subscribers,2025,Jul,Bihar,241413,Number
EPFO,Net number of subscribers,2025,Jul,Sikkim,412994,Number
EPFO,Net number of subscribers,2025,Jul,Arunachal Pradesh,468157,Number
EPFO,Net number of subscribers,2025,Jul,Nagaland,297575,Number
EPFO,Net number of subscribers,2025,Jul,Manipur,451117,Number
EPFO,Net number of subscribers,2025,Jul,Mizoram,496166,Number
EPFO,Net number of subscribers,2025,Jul,Tripura,292578,Number
EPFO,Net number of subscribers,2025,Jul,Meghalaya,301515,Number
EPFO,Net number of subscribers,2025,Jul,Assam,432550,Number
EPFO,Net number of subscribers,2025,Jul,West Bengal,215799,Number
EPFO,Net number of subscribers,2025,Jul,Jharkhand,333393,Number
EPFO,Net number of subscribers,2025,Jul,Odisha,218049,Number
EPFO,Net number of subscribers,2025,Jul,Chhattisgarh,189831,Number
EPFO,Net number of subscribers,2025,Jul,Madhya Pradesh,258456,Number
EPFO,Net number of subscribers,2025,Jul,Gujarat,253994,Number
EPFO,Net number of subscribers,2025,Jul,Dadra and Nagar Haveli and Daman and Diu,317458,Number
EPFO,Net number of subscribers,2025,Jul,Maharashtra,252327,Number
EPFO,Net number of subscribers,2025,Jul,Andhra Pradesh,471138,Number
EPFO,Net number of subscribers,2025,Jul,Karnataka,375322,Number
EPFO,Net number of subscribers,2025,Jul,Goa,241311,Number
EPFO,Net number of subscribers,2025,Jul,Lakshadweep,224946,Number
EPFO,Net number of subscribers,2025,Jul,Kerala,430378,Number
EPFO,Net number of subscribers,2025,Jul,Tamil Nadu,275040,Number
EPFO,Net number of subscribers,2025,Jul,Puducherry,316171,Number
EPFO,Net number of subscribers,2025,Jul,Andaman and Nicobar Islands,252984,Number
EPFO,Net number of subscribers,2025,Jul,Telangana,335539,Number
EPFO,Net number of subscribers,2025,Jul,Ladakh,271368,Number
EPFO,Net number of subscribers,2025,Aug,India,13482510,Number
EPFO,Net number of subscribers,2025,Aug,Jammu and Kashmir,311842,Number
EPFO,Net number of subscribers,2025,Aug,Himachal Pradesh,409049,Number
EPFO,Net number of subscribers,2025,Aug,Punjab,328622,Number
EPFO,Net number of subscribers,2025,Aug,Chandigarh,356704,Number
EPFO,Net number of subscribers,2025,Aug,Uttarakhand,395897,Number
EPFO,Net number of subscribers,2025,Aug,Haryana,445770,Number
EPFO,Net number of subscribers,2025,Aug,Delhi,231654,Number
EPFO,Net number of subscribers,2025,Aug,Rajasthan,244772,Number
EPFO,Net number of subscribers,2025,Aug,Uttar Pradesh,272418,Number
EPFO,Net number of subscribers,2025,Aug,Bihar,237226,Number
EPFO,Net number of subscribers,2025,Aug,Sikkim,420366,Number
EPFO,Net number of subscribers,2025,Aug,Arunachal Pradesh,471432,Number
EPFO,Net number of subscribers,2025,Aug,Nagaland,311584,Number
EPFO,Net number of subscribers,2025,Aug,Manipur,437733,Number
EPFO,Net number of subscribers,2025,Aug,Mizoram,488422,Number
EPFO,Net number of subscribers,2025,Aug,Tripura,294131,Number
EPFO,Net number of subscribers,2025,Aug,Meghalaya,302646,Number
EPFO,Net number of subscribers,2025,Aug,Assam,436911,Number
EPFO,Net number of subscribers,2025,Aug,West Bengal,209264,Number
EPFO,Net number of subscribers,2025,Aug,Jharkhand,319282,Number
EPFO,Net number of subscribers,2025,Aug,Odisha,217913,Number
EPFO,Net number of subscribers,2025,Aug,Chhattisgarh,200265,Number
EPFO,Net number of subscribers,2025,Aug,Madhya Pradesh,270836,Number
EPFO,Net number of subscribers,2025,Aug,Gujarat,266279,Number
EPFO,Net number of subscribers,2025,Aug,Dadra and Nagar Haveli and Daman and Diu,305430,Number
EPFO,Net number of subscribers,2025,Aug,Maharashtra,254978,Number
EPFO,Net number of subscribers,2025,Aug,Andhra Pradesh,465452,Number
EPFO,Net number of subscribers,2025,Aug,Karnataka,355481,Number
EPFO,Net number of subscribers,2025,Aug,Goa,242781,Number
EPFO,Net number of subscribers,2025,Aug,Lakshadweep,214630,Number
EPFO,Net number of subscribers,2025,Aug,Kerala,430912,Number
EPFO,Net number of subscribers,2025,Aug,Tamil Nadu,279951,Number
EPFO,Net number of subscribers,2025,Aug,Puducherry,321912,Number
EPFO,Net number of subscribers,2025,Aug,Andaman and Nicobar Islands,241846,Number
EPFO,Net number of subscribers,2025,Aug,Telangana,335396,Number
EPFO,Net number of subscribers,2025,Aug,Ladakh,270040,Number
EPFO,Net number of subscribers,2025,Sep,India,13358501,Number
EPFO,Net number of subscribers,2025,Sep,Jammu and Kashmir,323641,Number
EPFO,Net number of subscribers,2025,Sep,Himachal Pradesh,413770,Number
EPFO,Net number of subscribers,2025,Sep,Punjab,332749,Number
EPFO,Net number of subscribers,2025,Sep,Chandigarh,355627,Number
EPFO,Net number of subscribers,2025,Sep,Uttarakhand,416476,Number
EPFO,Net number of subscribers,2025,Sep,Haryana,427337,Number
EPFO,Net number of subscribers,2025,Sep,Delhi,240094,Number
EPFO,Net number of subscribers,2025,Sep,Rajasthan,257402,Number
EPFO,Net number of subscribers,2025,Sep,Uttar Pradesh,266633,Number
EPFO,Net number of subscribers,2025,Sep,Bihar,240889,Number
EPFO,Net number of subscribers,2025,Sep,Sikkim,438039,Number
EPFO,Net number of subscribers,2025,Sep,Arunachal Pradesh,456206,Number
EPFO,Net number of subscribers,2025,Sep,Nagaland,291412,Number
EPFO,Net number of subscribers,2025,Sep,Manipur,431183,Number
EPFO,Net number of subscribers,2025,Sep,Mizoram,483260,Number
EPFO,Net number of subscribers,2025,Sep,Tripura,286770,Number
EPFO,Net number of subscribers,2025,Sep,Meghalaya,302860,Number
EPFO,Net number of subscribers,2025,Sep,Assam,445234,Number
EPFO,Net number of subscribers,2025,Sep,West Bengal,204878,Number
EPFO,Net number of subscribers,2025,Sep,Jharkhand,322452,Number
EPFO,Net number of subscribers,2025,Sep,Odisha,229243,Number
EPFO,Net number of subscribers,2025,Sep,Chhattisgarh,200336,Number
EPFO,Net number of subscribers,2025,Sep,Madhya Pradesh,252053,Number
EPFO,Net number of subscribers,2025,Sep,Gujarat,257471,Number
EPFO,Net number of subscribers,2025,Sep,Dadra and Nagar Haveli and Daman and Diu,310284,Number
EPFO,Net number of subscribers,2025,Sep,Maharashtra,262824,Number
EPFO,Net number of subscribers,2025,Sep,Andhra Pradesh,494463,Number
EPFO,Net number of subscribers,2025,Sep,Karnataka,360333,Number
EPFO,Net number of subscribers,2025,Sep,Goa,229572,Number
EPFO,Net number of subscribers,2025,Sep,Lakshadweep,230909,Number
EPFO,Net number of subscribers,2025,Sep,Kerala,422191,Number
EPFO,Net number of subscribers,2025,Sep,Tamil Nadu,280285,Number
EPFO,Net number of subscribers,2025,Sep,Puducherry,324883,Number
EPFO,Net number of subscribers,2025,Sep,Andaman and Nicobar Islands,243593,Number
EPFO,Net number of subscribers,2025,Sep,Telangana,329178,Number
EPFO,Net number of subscribers,2025,Sep,Ladakh,275782,Number
EPFO,Net number of subscribers,2025,Oct,India,13376609,Number
EPFO,Net number of subscribers,2025,Oct,Jammu and Kashmir,325067,Number
EPFO,Net number of subscribers,2025,Oct,Himachal Pradesh,394931,Number
EPFO,Net number of subscribers,2025,Oct,Punjab,338686,Number
EPFO,Net number of subscribers,2025,Oct,Chandigarh,369202,Number
EPFO,Net number of subscribers,2025,Oct,Uttarakhand,401465,Number
EPFO,Net number of subscribers,2025,Oct,Haryana,418327,Number
EPFO,Net number of subscribers,2025,Oct,Delhi,231971,Number
EPFO,Net number of subscribers,2025,Oct,Rajasthan,244215,Number
EPFO,Net number of subscribers,2025,Oct,Uttar Pradesh,271183,Number
EPFO,Net number of subscribers,2025,Oct,Bihar,234365,Number
EPFO,Net number of subscribers,2025,Oct,Sikkim,427753,Number
EPFO,Net number of subscribers,2025,Oct,Arunachal Pradesh,482337,Number
EPFO,Net number of subscribers,2025,Oct,Nagaland,302166,Number
EPFO,Net number of subscribers,2025,Oct,Manipur,453982,Number
EPFO,Net number of subscribers,2025,Oct,Mizoram,490301,Number
EPFO,Net number of subscribers,2025,Oct,Tripura,292352,Number
EPFO,Net number of subscribers,2025,Oct,Meghalaya,311223,Number
EPFO,Net number of subscribers,2025,Oct,Assam,424401,Number
EPFO,Net number of subscribers,2025,Oct,West Bengal,219025,Number
EPFO,Net number of subscribers,2025,Oct,Jharkhand,335634,Number
EPFO,Net number of subscribers,2025,Oct,Odisha,233165,Number
EPFO,Net number of subscribers,2025,Oct,Chhattisgarh,205250,Number
EPFO,Net number of subscribers,2025,Oct,Madhya Pradesh,269729,Number
EPFO,Net number of subscribers,2025,Oct,Gujarat,268359,Number
EPFO,Net number of subscribers,2025,Oct,Dadra and Nagar Haveli and Daman and Diu,328619,Number
EPFO,Net number of subscribers,2025,Oct,Maharashtra,269380,Number
EPFO,Net number of subscribers,2025,Oct,Andhra Pradesh,482992,Number
EPFO,Net number of subscribers,2025,Oct,Karnataka,369779,Number
EPFO,Net number of subscribers,2025,Oct,Goa,232358,Number
EPFO,Net number of subscribers,2025,Oct,Lakshadweep,216222,Number
EPFO,Net number of subscribers,2025,Oct,Kerala,431790,Number
EPFO,Net number of subscribers,2025,Oct,Tamil Nadu,290057,Number
EPFO,Net number of subscribers,2025,Oct,Puducherry,324265,Number
EPFO,Net number of subscribers,2025,Oct,Andaman and Nicobar Islands,248698,Number
EPFO,Net number of subscribers,2025,Oct,Telangana,323803,Number
EPFO,Net number of subscribers,2025,Oct,Ladakh,277894,Number
EPFO,Net number of subscribers,2025,Nov,India,13359831,Number
EPFO,Net number of subscribers,2025,Nov,Jammu and Kashmir,319259,Number
EPFO,Net number of subscribers,2025,Nov,Himachal Pradesh,409713,Number
EPFO,Net number of subscribers,2025,Nov,Punjab,342775,Number
EPFO,Net number of subscribers,2025,Nov,Chandigarh,343736,Number
EPFO,Net number of subscribers,2025,Nov,Uttarakhand,420197,Number
EPFO,Net number of subscribers,2025,Nov,Haryana,437943,Number
EPFO,Net number of subscribers,2025,Nov,Delhi,241354,Number
EPFO,Net number of subscribers,2025,Nov,Rajasthan,245217,Number
EPFO,Net number of subscribers,2025,Nov,Uttar Pradesh,281660,Number
EPFO,Net number of subscribers,2025,Nov,Bihar,244517,Number
EPFO,Net number of subscribers,2025,Nov,Sikkim,421616,Number
EPFO,Net number of subscribers,2025,Nov,Arunachal Pradesh,477443,Number
EPFO,Net number of subscribers,2025,Nov,Nagaland,310317,Number
EPFO,Net number of subscribers,2025,Nov,Manipur,433947,Number
EPFO,Net number of subscribers,2025,Nov,Mizoram,495917,Number
EPFO,Net number of subscribers,2025,Nov,Tripura,294477,Number
EPFO,Net number of subscribers,2025,Nov,Meghalaya,314357,Number
EPFO,Net number of subscribers,2025,Nov,Assam,426975,Number
EPFO,Net number of subscribers,2025,Nov,West Bengal,211565,Number
EPFO,Net number of subscribers,2025,Nov,Jharkhand,338434,Number
EPFO,Net number of subscribers,2025,Nov,Odisha,216977,Number
EPFO,Net number of subscribers,2025,Nov,Chhattisgarh,200859,Number
EPFO,Net number of subscribers,2025,Nov,Madhya Pradesh,261251,Number
EPFO,Net number of subscribers,2025,Nov,Gujarat,254667,Number
EPFO,Net number of subscribers,2025,Nov,Dadra and Nagar Haveli and Daman and Diu,319572,Number
EPFO,Net number of subscribers,2025,Nov,Maharashtra,264629,Number
EPFO,Net number of subscribers,2025,Nov,Andhra Pradesh,486897,Number
EPFO,Net number of subscribers,2025,Nov,Karnataka,360719,Number
EPFO,Net number of subscribers,2025,Nov,Goa,238968,Number
EPFO,Net number of subscribers,2025,Nov,Lakshadweep,228448,Number
EPFO,Net number of subscribers,2025,Nov,Kerala,414881,Number
EPFO,Net number of subscribers,2025,Nov,Tamil Nadu,291247,Number
EPFO,Net number of subscribers,2025,Nov,Puducherry,315390,Number
EPFO,Net number of subscribers,2025,Nov,Andaman and Nicobar Islands,256491,Number
EPFO,Net number of subscribers,2025,Nov,Telangana,343478,Number
EPFO,Net number of subscribers,2025,Nov,Ladakh,283862,Number
EPFO,Net number of subscribers,2025,Dec,India,13434738,Number
EPFO,Net number of subscribers,2025,Dec,Jammu and Kashmir,323291,Number
EPFO,Net number of subscribers,2025,Dec,Himachal Pradesh,411857,Number
EPFO,Net number of subscribers,2025,Dec,Punjab,323403,Number
EPFO,Net number of subscribers,2025,Dec,Chandigarh,350732,Number
EPFO,Net number of subscribers,2025,Dec,Uttarakhand,409037,Number
EPFO,Net number of subscribers,2025,Dec,Haryana,452357,Number
EPFO,Net number of subscribers,2025,Dec,Delhi,236490,Number
EPFO,Net number of subscribers,2025,Dec,Rajasthan,244206,Number
EPFO,Net number of subscribers,2025,Dec,Uttar Pradesh,290127,Number
EPFO,Net number of subscribers,2025,Dec,Bihar,231961,Number
EPFO,Net number of subscribers,2025,Dec,Sikkim,425212,Number
EPFO,Net number of subscribers,2025,Dec,Arunachal Pradesh,496555,Number
EPFO,Net number of subscribers,2025,Dec,Nagaland,305134,Number
EPFO,Net number of subscribers,2025,Dec,Manipur,453608,Number
EPFO,Net number of subscribers,2025,Dec,Mizoram,474085,Number
EPFO,Net number of subscribers,2025,Dec,Tripura,283199,Number
EPFO,Net number of subscribers,2025,Dec,Meghalaya,314088,Number
EPFO,Net number of subscribers,2025,Dec,Assam,451739,Number
EPFO,Net number of subscribers,2025,Dec,West Bengal,217593,Number
EPFO,Net number of subscribers,2025,Dec,Jharkhand,324109,Number
EPFO,Net number of subscribers,2025,Dec,Odisha,229172,Number
EPFO,Net number of subscribers,2025,Dec,Chhattisgarh,202392,Number
EPFO,Net number of subscribers,2025,Dec,Madhya Pradesh,264799,Number
EPFO,Net number of subscribers,2025,Dec,Gujarat,266082,Number
EPFO,Net number of subscribers,2025,Dec,Dadra and Nagar Haveli and Daman and Diu,321743,Number
EPFO,Net number of subscribers,2025,Dec,Maharashtra,270384,Number
EPFO,Net number of subscribers,2025,Dec,Andhra Pradesh,480769,Number
EPFO,Net number of subscribers,2025,Dec,Karnataka,364577,Number
EPFO,Net number of subscribers,2025,Dec,Goa,244495,Number
EPFO,Net number of subscribers,2025,Dec,Lakshadweep,229984,Number
EPFO,Net number of subscribers,2025,Dec,Kerala,423535,Number
EPFO,Net number of subscribers,2025,Dec,Tamil Nadu,302504,Number
EPFO,Net number of subscribers,2025,Dec,Puducherry,323531,Number
EPFO,Net number of subscribers,2025,Dec,Andaman and Nicobar Islands,260685,Number
EPFO,Net number of subscribers,2025,Dec,Telangana,328209,Number
EPFO,Net number of subscribers,2025,Dec,Ladakh,269048,Number
